"x","B1","B2","B3","B4"
0,0,0,0,0
0.267111853088481,3.52927679764359e-08,-0.00158094522871111,0.00434759937895555,-0.00276665415024444
0.534223706176962,2.82342143811487e-07,-0.00316178183544554,0.00869490004747524,-0.0055331182120297
0.801335559265442,9.52904735363768e-07,-0.00474240119822663,0.0130416032951232,-0.00829920209689659
1.06844741235392,2.25873715049189e-06,-0.00632269469507769,0.0173874104114636,-0.0110647157163859
1.3355592654424,4.41159599705448e-06,-0.00790255370402205,0.0217320226860606,-0.0138294689820386
1.60267111853088,7.62323788291014e-06,-0.00948186960308303,0.0260751414084783,-0.0165932718053953
1.86978297161937,1.21054194159175e-05,-0.011060533770284,0.0304164678682809,-0.0193559340979969
2.13689482470785,1.80698972039352e-05,-0.0126384375836482,0.0347557033550325,-0.0221172657713843
2.40400667779633,2.57284278548217e-05,-0.014215472421199,0.0390925491582972,-0.0248770767370982
2.67111853088481,3.52927679764359e-05,-0.0157915296609597,0.0434267065676393,-0.0276351769066795
2.93823038397329,4.69746741766361e-05,-0.0173665006809537,0.0477578768726228,-0.030391376191669
3.20534223706177,6.09859030632812e-05,-0.0189402768592043,0.0520857613628118,-0.0331454845036075
3.47245409015025,7.75382112442296e-05,-0.0205127495737348,0.0564100613277706,-0.0358973117540359
3.73956594323873,9.684335532734e-05,-0.0220838102025685,0.0607304780570633,-0.0386466678544948
4.00667779632721,0.000119113091920471,-0.0236533501237287,0.065046712840254,-0.0413933627165253
4.27378964941569,0.000144559177631481,-0.0252212607152389,0.0693584669669069,-0.044137206251668
4.54090150250417,0.000173393369068229,-0.0267874333551222,0.0736654417265861,-0.0468780083714639
4.80801335559265,0.000205827422838574,-0.0283517594214021,0.0779673384088557,-0.0496155789874536
5.07512520868114,0.000242073095550374,-0.0299141302921018,0.0822638583032799,-0.0523497280111781
5.34223706176962,0.000282342143811487,-0.0314744373452447,0.0865547026994229,-0.0550802653541782
5.6093489148581,0.000326846324229773,-0.0330325719588541,0.0908395728868488,-0.0578070009279947
5.87646076794658,0.000375797393413089,-0.0345884255109533,0.0951181701551216,-0.0605297446441683
6.14357262103506,0.000429407107969295,-0.0361418893795657,0.0993901957938057,-0.06324830641424
6.41068447412354,0.000487887224506249,-0.0376928549427146,0.103655351092465,-0.0659624961497505
6.67779632721202,0.00055144949963181,-0.0392412135784233,0.107913337340664,-0.0686721237622407
6.9449081803005,0.000620305689953837,-0.0407868566647151,0.112163855827966,-0.0713769991632513
7.21202003338898,0.000694667552080187,-0.0423296755796133,0.116406607843937,-0.0740769322643233
7.47913188647746,0.00077474684261872,-0.0438695617011414,0.120641294678139,-0.0767717329769974
7.74624373956594,0.000860755318177294,-0.0454064064073225,0.124867617620137,-0.0794612112128144
8.01335559265442,0.000952904735363768,-0.0469401010761801,0.129085277959495,-0.0821451768833151
8.2804674457429,0.001051406850786,-0.0484705370857374,0.133293976985778,-0.0848234399000405
8.54757929883139,0.00115647342105185,-0.0499976058140178,0.137493415988549,-0.0874958101745312
8.81469115191987,0.00126831620276918,-0.0515211986390446,0.141683296257373,-0.0901620976183281
9.08180300500835,0.00138714695254584,-0.0530412069388412,0.145863319081813,-0.0928221121429721
9.34891485809683,0.00151317742698969,-0.0545575220914308,0.150033185751435,-0.0954756636600039
9.61602671118531,0.00164661938270859,-0.0560700354748368,0.154192597555801,-0.0981225620809643
9.88313856427379,0.00178768457631041,-0.0575786384670825,0.158341255784477,-0.100762617317394
10.1502504173623,0.00193658476440299,-0.0590832224461912,0.162478861727026,-0.103395639280835
10.4173622704508,0.0020935317035942,-0.0605836787901863,0.166605116673012,-0.106021437882826
10.6844741235392,0.0022587371504919,-0.0620798988770911,0.170719721912,-0.108639823034909
10.9515859766277,0.00243241286170394,-0.0635717740849289,0.174822378733554,-0.111250604648625
11.2186978297162,0.00261477059383818,-0.065059195791723,0.178912788427238,-0.113853592635515
11.4858096828047,0.00280602210350249,-0.0665420553754968,0.182990652282616,-0.116448596907119
11.7529215358932,0.00300637914730471,-0.0680202442142735,0.187055671589252,-0.119035427374979
12.0200333889816,0.00321605348185272,-0.0694936536860766,0.191107547636711,-0.121613893950634
12.2871452420701,0.00343525686375436,-0.0709621751689293,0.195145981714555,-0.124183806545626
12.5542570951586,0.0036642010496175,-0.072425700040855,0.199170675112351,-0.126744975071496
12.8213689482471,0.00390309779604999,-0.0738841196798768,0.203181329119661,-0.129297209439784
13.0884808013356,0.0041521588596597,-0.0753373254640184,0.207177645026051,-0.131840319562032
13.355592654424,0.00441159599705448,-0.0767852087713029,0.211159324121083,-0.13437411534978
13.6227045075125,0.00468162096484219,-0.0782276609797537,0.215126067694323,-0.136898406714569
13.889816360601,0.00496244551963069,-0.079664573467394,0.219077577035333,-0.139413003567939
14.1569282136895,0.00525428141802784,-0.0810958376122473,0.22301355343368,-0.141917715821433
14.424040066778,0.0055573404166415,-0.0825213447923368,0.226933698178926,-0.144412353386589
14.6911519198664,0.00587183427207952,-0.0839409863856858,0.230837712560636,-0.14689672617495
14.9582637729549,0.00619797474094976,-0.0853546537703178,0.234725297868374,-0.149370644098056
15.2253756260434,0.00653597357986009,-0.0867622383242559,0.238596155391704,-0.151833917067448
15.4924874791319,0.00688604254541835,-0.0881636314255236,0.24244998642019,-0.154286354994666
15.7595993322204,0.00724839339423242,-0.0895587244521441,0.246286492243396,-0.156727767791252
16.0267111853088,0.00762323788291015,-0.0909474087821408,0.250105374150887,-0.159157965368746
16.2938230383973,0.00801078776805939,-0.0923295757935371,0.253906333432227,-0.16157675763869
16.5609348914858,0.008411254806288,-0.0937051168643561,0.257689071376979,-0.163983954512623
16.8280467445743,0.00882485075420386,-0.0950739233726214,0.261453289274709,-0.166379365902087
17.0951585976628,0.0092517873684148,-0.0964358866963561,0.265198688414979,-0.168762801718623
17.3622704507513,0.0096922764055287,-0.0977908982135837,0.268924970087355,-0.171134071873771
17.6293823038397,0.0101465296221534,-0.0991388493023274,0.2726318355814,-0.173492986279073
17.8964941569282,0.0106147587748968,-0.100479631340611,0.276318986186679,-0.175839354846068
18.1636060100167,0.0110971756203667,-0.101813135706456,0.279986123192755,-0.178172987486299
18.4307178631052,0.011593991915171,-0.103139253777889,0.283632947889193,-0.180493694111305
18.6978297161937,0.0121054194159175,-0.10445787693293,0.287259161565557,-0.182801284632627
18.9649415692821,0.0126316698792141,-0.105768896549604,0.290864465511412,-0.185095568961807
19.2320534223706,0.0131729550616687,-0.107072204005935,0.29444856101632,-0.187376357010386
19.4991652754591,0.0137294867198891,-0.108367690679944,0.298011149369847,-0.189643458689903
19.7662771285476,0.0143014766104832,-0.109655247949657,0.301551931861556,-0.191896683911899
20.0333889816361,0.0148891364900589,-0.110934767193095,0.305070609781012,-0.194135842587917
20.3005008347245,0.0154926781152239,-0.112206139788283,0.308566884417779,-0.196360744629496
20.567612687813,0.0161123132425862,-0.113469257113244,0.312040457061421,-0.198571199948177
20.8347245409015,0.0167482536287536,-0.114724010546001,0.315491029001502,-0.200767018455501
21.10183639399,0.017400711030334,-0.115970291464577,0.318918301527586,-0.202948010063009
21.3689482470785,0.0180698972039352,-0.117207991246996,0.322321975929238,-0.205113984682242
21.6360601001669,0.018756023906165,-0.11843700127128,0.325701753496021,-0.207264752224741
21.9031719532554,0.0194593028936315,-0.119657212915455,0.3290573355175,-0.209400122602045
22.1702838063439,0.0201799459229423,-0.120868517557541,0.332388423283239,-0.211519905725697
22.4373956594324,0.0209181647507054,-0.122070806575564,0.335694718082801,-0.213623911507237
22.7045075125209,0.0216741711335287,-0.123263971347546,0.338975921205752,-0.215711949858206
22.9716193656093,0.0224481768280199,-0.124447903251511,0.342231733941655,-0.217783830690144
23.2387312186978,0.0232403935907869,-0.125622493665482,0.345461857580075,-0.219839363914593
23.5058430717863,0.0240510331784377,-0.126787633967482,0.348665993410575,-0.221878359443093
23.7729549248748,0.02488030734758,-0.127943215535534,0.351843842722719,-0.223900627187185
24.0400667779633,0.0257284278548217,-0.129089129747663,0.354995106806073,-0.22590597705841
24.3071786310518,0.0265956064567707,-0.130225267981891,0.3581194869502,-0.227894218968309
24.5742904841402,0.0274820549100349,-0.131351521616241,0.361216684444663,-0.229865162828422
24.8414023372287,0.028387984971222,-0.132467782028738,0.364286400579028,-0.231818618550291
25.1085141903172,0.02931360839694,-0.133573940597403,0.367328336642859,-0.233754396045456
25.3756260434057,0.0302591369437967,-0.134669888700261,0.370342193925719,-0.235672305225457
25.6427378964942,0.0312247823683999,-0.135755517715335,0.373327673717172,-0.237572156001837
25.9098497495826,0.0322107564273576,-0.136830719020649,0.376284477306784,-0.239453758286135
26.1769616026711,0.0332172708772776,-0.137895383994225,0.379212305984117,-0.241316921989893
26.4440734557596,0.0342445374747677,-0.138949404014086,0.382110861038737,-0.243161457024651
26.7111853088481,0.0352927679764359,-0.139992670458257,0.384979843760207,-0.24498717330195
26.9782971619366,0.0363621741388898,-0.141025074704761,0.387818955438092,-0.246793880733331
27.245409015025,0.0374529677187375,-0.14204650813162,0.390627897361955,-0.248581389230335
27.5125208681135,0.0385653604725868,-0.143056862116858,0.39340637082136,-0.250349508704502
27.779632721202,0.0396995641570455,-0.144056028038499,0.396154077105873,-0.252098049067374
28.0467445742905,0.0408557905287216,-0.145043897274566,0.398870717505056,-0.25382682023049
28.313856427379,0.0420342513442227,-0.146020361203082,0.401555993308475,-0.255535632105393
28.5809682804674,0.0432351583601569,-0.14698531120207,0.404209605805693,-0.257224294603623
28.8480801335559,0.044458723333132,-0.147938638649554,0.406831256286275,-0.25889261763672
29.1151919866444,0.0457051580197557,-0.148880234923558,0.409420646039784,-0.260540411116226
29.3823038397329,0.0469746741766361,-0.149809991402104,0.411977476355785,-0.262167484953681
29.6494156928214,0.0482674835603809,-0.150727799463215,0.414501448523841,-0.263773649060626
29.9165275459098,0.0495837979275981,-0.151633550484916,0.416992263833518,-0.265358713348602
30.1836393989983,0.0509238290348954,-0.152527135845229,0.419449623574379,-0.26692248772915
30.4507512520868,0.0522877886388807,-0.153408446922178,0.421873229035988,-0.268464782113811
30.7178631051753,0.0536758884961619,-0.154277375093785,0.42426278150791,-0.269985406414124
30.9849749582638,0.0550883403633468,-0.155133811738076,0.426617982279708,-0.271484170541632
31.2520868113523,0.0565253559970434,-0.155977648233072,0.428938532640947,-0.272960884407875
31.5191986644407,0.0579871471538594,-0.156808775956797,0.431224133881191,-0.274415357924394
31.7863105175292,0.0594739255904027,-0.157627086287274,0.433474487290004,-0.27584740100273
32.0534223706177,0.0609859030632812,-0.158432470602527,0.43568929415695,-0.277256823554422
32.3205342237062,0.0625232913291027,-0.159224820280579,0.437868255771593,-0.278643435491014
32.5876460767947,0.0640863021444751,-0.160004026699454,0.440011073423498,-0.280007046724044
32.8547579298831,0.0656751472660063,-0.160769981237174,0.442117448402228,-0.281347467165054
33.1218697829716,0.067290038450304,-0.161522575271763,0.444187081997348,-0.282664506725585
33.3889816360601,0.0689311874539763,-0.162261700181245,0.446219675498423,-0.283957975317178
33.6560934891486,0.0705988060336309,-0.162987247343642,0.448214930195015,-0.285227682851373
33.9232053422371,0.0722931059458756,-0.163699108136978,0.450172547376689,-0.286473439239711
34.1903171953255,0.0740142989473184,-0.164397173939276,0.45209222833301,-0.287695054393733
34.457429048414,0.0757625967945671,-0.16508133612856,0.453973674353541,-0.288892338224981
34.7245409015025,0.0775382112442296,-0.165751486082853,0.455816586727847,-0.290065100644993
34.991652754591,0.0793413540529136,-0.166407515180179,0.457620666745491,-0.291213151565312
35.2587646076795,0.0811722369772273,-0.16704931479856,0.459385615696039,-0.292336300897479
35.5258764607679,0.0830310717737782,-0.167676776316019,0.461111134869053,-0.293434358553034
35.7929883138564,0.0849180701991742,-0.168289791110581,0.462796925554099,-0.294507134443517
36.0601001669449,0.0868334440100234,-0.168888250560269,0.46444268904074,-0.295554438480471
36.3272120200334,0.0887774049629335,-0.169472046043106,0.46604812661854,-0.296576080575435
36.5943238731219,0.0907501648145122,-0.170041068937114,0.467612939577064,-0.29757187063995
36.8614357262103,0.0927519353213677,-0.170595210620319,0.469136829205876,-0.298541618585558
37.1285475792988,0.0947829282401077,-0.171134362470742,0.47061949679454,-0.299485134323798
37.3956594323873,0.09684335532734,-0.171658415866407,0.47206064363262,-0.300402227766213
37.6627712854758,0.0989334283396725,-0.172167262185338,0.47345997100968,-0.301292708824342
37.9298831385643,0.101053359033713,-0.172660792805558,0.474817180215284,-0.302156387409726
38.1969949916528,0.10320335916607,-0.17313889910509,0.476131972538997,-0.302993073433907
38.4641068447412,0.10538364049335,-0.173601472461957,0.477404049270383,-0.303802576808425
38.7312186978297,0.107594414772162,-0.174048404254184,0.478633111699005,-0.304584707444822
38.9983305509182,0.109835893759113,-0.174479585859792,0.479818861114428,-0.305339275254636
39.2654424040067,0.112108289210812,-0.174894908656806,0.480960998806217,-0.306066090149411
39.5325542570952,0.114411812883866,-0.175294264023249,0.482059226063934,-0.306764962040685
39.7996661101836,0.116746676534883,-0.175677543337144,0.483113244177145,-0.307435700840002
40.0667779632721,0.119113091920471,-0.176044637976514,0.484122754435414,-0.3080781164589
40.3338898163606,0.121511270797238,-0.176395439319383,0.485087458128304,-0.308692018808921
40.6010016694491,0.123941424921791,-0.176729838743774,0.48600705654538,-0.309277217801605
40.8681135225376,0.126403766050739,-0.177047727627711,0.486881250976205,-0.309833523348494
41.135225375626,0.12889850594069,-0.177348997349216,0.487709742710345,-0.310360745361129
41.4023372287145,0.13142585634825,-0.177633539286314,0.488492233037363,-0.31085869375105
41.669449081803,0.133986029030029,-0.177901244817027,0.489228423246824,-0.311327178429797
41.9365609348915,0.136579235742633,-0.178152005319379,0.489918014628291,-0.311766009308912
42.20367278798,0.139205688242672,-0.178385712171392,0.490560708471329,-0.312174996299936
42.4707846410684,0.141865598286752,-0.178602256751091,0.491156206065501,-0.31255394931441
42.7378964941569,0.144559177631481,-0.178801530436499,0.491704208700373,-0.312902678263873
43.0050083472454,0.147286638033468,-0.178983424605639,0.492204417665507,-0.313220993059868
43.2721202003339,0.15004819124932,-0.179147830636534,0.492656534250469,-0.313508703613935
43.5392320534224,0.152844049035646,-0.179294639907208,0.493060259744822,-0.313765619837614
43.8063439065108,0.155674423149052,-0.179423743795684,0.493415295438131,-0.313991551642447
44.0734557595993,0.158539525346147,-0.179535033679985,0.493721342619959,-0.314186308939974
44.3405676126878,0.161439567383539,-0.179628400938135,0.493978102579871,-0.314349701641736
44.6076794657763,0.164374761017835,-0.179703736948157,0.494185276607431,-0.314481539659274
44.8747913188648,0.167345318005644,-0.179760933088074,0.494342565992203,-0.314581632904129
45.1419031719533,0.170351450103572,-0.17979988073591,0.494449672023752,-0.314649791287842
45.4090150250417,0.173393369068229,-0.179820471269688,0.494506295991641,-0.314685824721953
45.6761268781302,0.176471286656222,-0.179822596067431,0.494512139185434,-0.314689543118003
45.9432387312187,0.179585414624159,-0.179806146507162,0.494466902894696,-0.314660756387534
46.2103505843072,0.182735964728648,-0.179771013966906,0.494370288408991,-0.314599274442085
46.4774624373957,0.185923148726296,-0.179717089824685,0.494221997017883,-0.314504907193198
46.7445742904841,0.189147178373711,-0.179644265458522,0.494021730010936,-0.314377464552414
47.0116861435726,0.192408265427502,-0.179552432246441,0.493769188677714,-0.314216756431273
47.2787979966611,0.195706621644275,-0.179441481566466,0.493464074307782,-0.314022592741316
47.5459098497496,0.19904245878064,-0.179311304796619,0.493106088190703,-0.313794783394084
47.8130217028381,0.202415988593204,-0.179161793314924,0.492694931616042,-0.313533138301117
48.0801335559265,0.205827422838574,-0.178992838499404,0.492230305873362,-0.313237467373958
48.347245409015,0.209276973273359,-0.178804331728083,0.491711912252229,-0.312907580524146
48.6143572621035,0.212764851654166,-0.178596164378984,0.491139452042206,-0.312543287663222
48.881469115192,0.216291269737603,-0.17836822783013,0.490512626532857,-0.312144398702727
49.1485809682805,0.219856439280279,-0.178120413459544,0.489831137013746,-0.311710723554202
49.4156928213689,0.223460572038801,-0.17785261264525,0.489094684774438,-0.311242072129188
49.6828046744574,0.227103879769776,-0.177564716765272,0.488302971104497,-0.310738254339225
49.9499165275459,0.230786574229813,-0.177256617197632,0.487455697293487,-0.310199080095855
50.2170283806344,0.234508760969569,-0.176928205237584,0.486552655674095,-0.309624417247151
50.4841402337229,0.238269791366264,-0.176579371592635,0.4855942850805,-0.309014545051227
50.7512520868113,0.242068690444651,-0.176210006715956,0.48458130410661,-0.308369920795115
51.0183639398998,0.245904481924263,-0.1758200010597,0.483514432465206,-0.307691002477859
51.2854757929883,0.249776189524637,-0.175409245076021,0.482394389869072,-0.3069782480985
51.5525876460768,0.253682836965308,-0.174977629217072,0.481221896030987,-0.306232115656083
51.8196994991653,0.257623447965811,-0.174525043935007,0.479997670663734,-0.305453063149649
52.0868113522538,0.26159704624568,-0.17405137968198,0.478722433480095,-0.304641548578242
52.3539232053422,0.265602655524452,-0.173556526910143,0.477396904192851,-0.303798029940905
52.6210350584307,0.269639299521661,-0.173040376071652,0.476021802514784,-0.302922965236681
52.8881469115192,0.273706001956844,-0.172502817618658,0.474597848158676,-0.302016812464612
53.1552587646077,0.277801786549533,-0.171943742003317,0.473125760837308,-0.301080029623741
53.4223706176962,0.281925677019266,-0.171363039677781,0.471606260263462,-0.300113074713112
53.6894824707846,0.286076697085578,-0.170760601094204,0.47004006614992,-0.299116405731767
53.9565943238731,0.290253870468002,-0.17013631670474,0.468427898209463,-0.298090480678749
54.2237061769616,0.294456220886075,-0.169490076961542,0.466770476154874,-0.297035757553102
54.4908180300501,0.298682772059333,-0.168821772316764,0.465068519698933,-0.295952694353866
54.7579298831386,0.302932547707309,-0.16813129322256,0.463322748554423,-0.294841749080087
55.025041736227,0.307204571549539,-0.167418530131082,0.461533882434125,-0.293703379730807
55.2921535893155,0.311497867305559,-0.166683373494485,0.459702641050821,-0.292538044305068
55.559265442404,0.315811458694903,-0.165925713764923,0.457829744117292,-0.291346200801913
55.8263772954925,0.320144369437108,-0.165145441394548,0.455915911346321,-0.290128307220386
56.093489148581,0.324495623251707,-0.164342446835514,0.453961862450689,-0.288884821559529
56.3606010016694,0.328864243858237,-0.163516620539976,0.451968317143177,-0.287616201818386
56.6277128547579,0.333249254976232,-0.162667852960086,0.449935995136568,-0.286322905995998
56.8948247078464,0.337649680325227,-0.161796034547998,0.447865616143643,-0.285005392091409
57.1619365609349,0.342064543624759,-0.160901055755866,0.445757899877184,-0.283664118103663
57.4290484140234,0.346492868594361,-0.159982807035844,0.443613566049972,-0.282299542031801
57.6961602671118,0.35093367895357,-0.159041178840084,0.44143333437479,-0.280912121874866
57.9632721202003,0.35538599842192,-0.158076061620741,0.439217924564418,-0.279502315631902
58.2303839732888,0.359848850718946,-0.157087345829968,0.436968056331639,-0.278070581301952
58.4974958263773,0.364321259564185,-0.156074921919919,0.434684449389234,-0.276617376884058
58.7646076794658,0.36880224867717,-0.155038680342747,0.432367823449985,-0.275143160377263
59.0317195325543,0.373290841777438,-0.153978511550606,0.430018898226674,-0.273648389780611
59.2988313856427,0.377786062584523,-0.15289430599565,0.427638393432082,-0.272133523093143
59.5659432387312,0.38228693481796,-0.151785954130032,0.425227028778991,-0.270599018313904
59.8330550918197,0.386792482197286,-0.150653346405905,0.422785523980183,-0.269045333441935
60.1001669449082,0.391301728442034,-0.149496373275424,0.42031459874844,-0.26747292647628
60.3672787979967,0.395813697271741,-0.148314925190741,0.417814972796542,-0.265882255415981
60.6343906510851,0.400327412405941,-0.147108892604011,0.415287365837272,-0.264273778260082
60.9015025041736,0.404841897564169,-0.145878165967387,0.412732497583412,-0.262647953007626
61.1686143572621,0.409356176465961,-0.144622635733023,0.410151087747743,-0.261005237657655
61.4357262103506,0.413869272830853,-0.143342192353072,0.407543856043047,-0.259346090209212
61.7028380634391,0.418380210378378,-0.142036726279688,0.404911522182106,-0.25767096866134
61.9699499165275,0.422888012828073,-0.140706127965024,0.402254805877701,-0.255980331013082
62.237061769616,0.427391703899472,-0.139350287861234,0.399574426842613,-0.254274635263481
62.5041736227045,0.431890307312111,-0.137969096420472,0.396871104789626,-0.25255433941158
62.771285475793,0.436382846785525,-0.136562444094891,0.39414555943152,-0.250819901456422
63.0383973288815,0.44086834603925,-0.135130221336645,0.391398510481077,-0.249071779397049
63.3055091819699,0.445345828792819,-0.133672318597887,0.388630677651079,-0.247310431232505
63.5726210350584,0.449814318765769,-0.132188626330772,0.385842780654307,-0.245536314961832
63.8397328881469,0.454272839677635,-0.130679034987451,0.383035539203544,-0.243749888584073
64.1068447412354,0.458720415247952,-0.12914343502008,0.38020967301157,-0.241951610098272
64.3739565943239,0.463156069196255,-0.127581716880812,0.377365901791168,-0.24014193750347
64.6410684474124,0.467578825242079,-0.1259937710218,0.374504945255119,-0.238321328798712
64.9081803005008,0.47198770710496,-0.124379487895198,0.371627523116205,-0.23649024198304
65.1752921535893,0.476381738504433,-0.122738757953159,0.368734355087208,-0.234649135055496
65.4424040066778,0.480759943160032,-0.121071471647838,0.365826160880909,-0.232798466015124
65.7095158597663,0.485121344791294,-0.119377519431387,0.36290366021009,-0.230938692860967
65.9766277128548,0.489464967117753,-0.117656791755961,0.359967572787533,-0.229070273592067
66.2437395659432,0.493789833858944,-0.115909179073713,0.35701861832602,-0.227193666207467
66.5108514190317,0.498094968734403,-0.114134571836796,0.354057516538331,-0.225309328706211
66.7779632721202,0.502379395463666,-0.112332860497364,0.351084987137249,-0.22341771908734
67.0450751252087,0.506642137766266,-0.11050393550757,0.348101749835556,-0.221519295349899
67.3121869782972,0.510882219361739,-0.108647687319569,0.345108524346033,-0.21961451549293
67.5792988313856,0.515098663969621,-0.106764006385514,0.342106030381462,-0.217703837515476
67.8464106844741,0.519290495309447,-0.104852783157559,0.339094987654625,-0.215787719416579
68.1135225375626,0.523456737100752,-0.102913908087856,0.336076115878302,-0.213866619195283
68.3806343906511,0.527596413063071,-0.10094727162856,0.333050134765277,-0.211940994850631
68.6477462437396,0.531708546915939,-0.0989527642318241,0.330017764028331,-0.210011304381665
68.914858096828,0.535792162378891,-0.0969302763498021,0.326979723380245,-0.208078005787429
69.1819699499165,0.539846283171463,-0.0948796984346475,0.323936732533801,-0.206141557066964
69.449081803005,0.543869933013191,-0.0928009209385139,0.320889511201781,-0.204202416219315
69.7161936560935,0.547862135623608,-0.0906938343135549,0.317838779096966,-0.202261041243524
69.983305509182,0.55182191472225,-0.0885583290119241,0.314785255932139,-0.200317890138634
70.2504173622705,0.555748294028653,-0.0863942954857749,0.31172966142008,-0.198373420903687
70.5175292153589,0.559640297262352,-0.0842016241872612,0.308672715273572,-0.196428091537727
70.7846410684474,0.563496948142882,-0.0819802055685364,0.305615137205396,-0.194482360039797
71.0517529215359,0.567317270389777,-0.0797299300817542,0.302557646928334,-0.19253668440894
71.3188647746244,0.571100287722574,-0.0774506881790682,0.299500964155168,-0.190591522644198
71.5859766277129,0.574845023860807,-0.0751423703126318,0.296445808598679,-0.188647332744614
71.8530884808013,0.578550502524013,-0.0728048669345988,0.293392899971649,-0.186704572709231
72.1202003338898,0.582215747431724,-0.0704380684971227,0.29034295798686,-0.184763700537093
72.3873121869783,0.585839782303478,-0.0680418654523571,0.287296702357093,-0.182825174227241
72.6544240400668,0.589421630858809,-0.0656161482524556,0.284254852795131,-0.18088945177872
72.9215358931553,0.592960316817253,-0.0631608073495718,0.281218129013754,-0.178956991190571
73.1886477462437,0.596454863898344,-0.0606757331958593,0.278187250725745,-0.177028250461838
73.4557595993322,0.599904295821619,-0.0581608162434716,0.275162937643885,-0.175103687591563
73.7228714524207,0.603307636306611,-0.0556159469445624,0.272145909480956,-0.17318376057879
73.9899833055092,0.606663909072856,-0.0530410157512851,0.269136885949739,-0.171268927422561
74.2570951585977,0.60997213783989,-0.0504359131157936,0.266136586763017,-0.16935964612192
74.5242070116861,0.613231346327248,-0.0478005294902414,0.263145731633571,-0.167456374675909
74.7913188647746,0.616440558254464,-0.0451347553267819,0.260165040274183,-0.165559571083571
75.0584307178631,0.619598797341075,-0.0424384810775689,0.257195232397633,-0.163669693343949
75.3255425709516,0.622705087306614,-0.0397115971947559,0.254237027716705,-0.161787199456085
75.5926544240401,0.625758451870618,-0.0369539941304965,0.25129114594418,-0.159912547419024
75.8597662771285,0.628757914752622,-0.0341655623369443,0.24835830679284,-0.158046195231807
76.126878130217,0.631702499672161,-0.0313461922662529,0.245439229975465,-0.156188600893478
76.3939899833055,0.634591230348769,-0.0284957743705758,0.242534635204838,-0.154340222403079
76.661101836394,0.637423130501983,-0.0256141991020668,0.239645242193741,-0.152501517759654
76.9282136894825,0.640197223851337,-0.0227013569128793,0.236771770654955,-0.150672944962244
77.1953255425709,0.642912534116367,-0.019757138255167,0.233914940301263,-0.148854962009894
77.4624373956594,0.645568085016607,-0.0167814335810832,0.231075470845444,-0.147048026901646
77.7295492487479,0.648162900271594,-0.013774133342782,0.228254082000282,-0.145252597636543
77.9966611018364,0.650696003600862,-0.0107351279924166,0.225451493478558,-0.143469132213628
78.2637729549249,0.653166418723946,-0.00766430798214084,0.222668424993054,-0.141698088631944
78.5308848080134,0.655573169360382,-0.00456156376410814,0.219905596256552,-0.139939924890533
78.7979966611018,0.657915279229704,-0.00142678579047215,0.217163726981832,-0.138195098988439
79.0651085141903,0.660191772051449,0.00174013548661354,0.214443536881677,-0.136464068924704
79.3322203672788,0.662401671545151,0.00493930961499532,0.211745745668869,-0.134747292698371
79.5993322203673,0.664544001430345,0.00817084614251964,0.209071073056189,-0.133045228308484
79.8664440734558,0.666617785426567,0.0114348546170329,0.206420238756419,-0.131358333754085
80.1335559265442,0.668622047253351,0.0147314445863815,0.20379396248234,-0.129687067034217
80.4006677796327,0.670555810630234,0.0180607255984118,0.201192963946735,-0.128031886147922
80.6677796327212,0.672418099276749,0.0214228072009703,0.198617962862385,-0.126393249094245
80.9348914858097,0.674207936912433,0.0248177989419033,0.196069678942072,-0.124771613872227
81.2020033388982,0.675924347256821,0.0282458103690575,0.193548831898576,-0.123167438480912
81.4691151919866,0.677566354029448,0.0317069510302789,0.191056141444681,-0.121581180919343
81.7362270450751,0.679132980949848,0.035201330473414,0.188592327293168,-0.120013299186561
82.0033388981636,0.680623251737557,0.0387290582463094,0.186158109156818,-0.118464251281612
82.2704507512521,0.682036190112111,0.0422902438968114,0.183754206748414,-0.116934495203536
82.5375626043406,0.683370819793045,0.0458849969727664,0.181381339780736,-0.115424488951377
82.804674457429,0.684626164499893,0.0495134270220207,0.179040227966567,-0.113934690524179
83.0717863105175,0.685801247952191,0.053175643592421,0.176731591018688,-0.112465557920983
83.338898163606,0.686895093869474,0.0568717562318134,0.174456148649881,-0.111017549140833
83.6060100166945,0.687906725971278,0.0606018744880445,0.172214620572928,-0.109591122182772
83.873121869783,0.688835167977137,0.0643661079089607,0.17000772650061,-0.108186735045842
84.1402337228714,0.689679443606587,0.0681645660424083,0.167836186145709,-0.106804845729087
84.4073455759599,0.690438576579163,0.0719973584362338,0.165700719221006,-0.10544591223155
84.6744574290484,0.6911115906144,0.0758645946382837,0.163602045439285,-0.104110392552272
84.9415692821369,0.691697509431833,0.0797663841964042,0.161540884513325,-0.102798744690298
85.2086811352254,0.692195356750998,0.0837028366584417,0.159517956155909,-0.101511426644669
85.4757929883139,0.69260415629143,0.0876740615722427,0.157533980079819,-0.10024889641443
85.7429048414023,0.692922931772663,0.0916801684856537,0.155589675997836,-0.0990116119986228
86.0100166944908,0.693150706914234,0.0957212669465209,0.153685763622742,-0.0978000313962901
86.2771285475793,0.693286505435677,0.0997974665026909,0.151822962667318,-0.0966146126064751
86.5442404006678,0.693329351056527,0.10390887670201,0.150001992844347,-0.0954558136282207
86.8113522537563,0.693278267496321,0.108055607092325,0.14822357386661,-0.0943240924605697
87.0784641068447,0.693132278474592,0.112237767221481,0.146488425446888,-0.0932199071025651
87.3455759599332,0.692890407710876,0.116455466637326,0.144797267297964,-0.0921437155532497
87.6126878130217,0.692551678924709,0.120708814887706,0.143150819132619,-0.0910959758116664
87.8797996661102,0.692115115835625,0.124997921520467,0.141549800663634,-0.0900771458768582
88.1469115191987,0.691579742163159,0.129322896083455,0.139994931603792,-0.0890876837478679
88.4140233722871,0.690944581626848,0.133683848124518,0.138486931665875,-0.0881280474237384
88.6811352253756,0.690208657946226,0.138080887191501,0.137026520562663,-0.0871986949035127
88.9482470784641,0.689370994840828,0.142514122832251,0.135614418006939,-0.0863000841862337
89.2153589315526,0.688430616030189,0.146983664594614,0.134251343711484,-0.0854326732709441
89.4824707846411,0.687386545233845,0.151489622026436,0.13293801738908,-0.084596920156687
89.7495826377295,0.686237806171331,0.156032104675565,0.131675158752508,-0.0837932828425052
90.016694490818,0.684983422660656,0.160611222032227,0.130463487465285,-0.0830222192759485
90.2838063439065,0.683622901924397,0.165226800737153,0.129303481345534,-0.082283934624745
90.550918196995,0.682157355410812,0.169877728767149,0.128194815623617,-0.081577795181888
90.8180300500835,0.680588226914954,0.174562699636393,0.127136999258114,-0.080902993451025
91.0851419031719,0.678916960231877,0.179280406859061,0.126129541207599,-0.0802587219358036
91.3522537562604,0.677144999156635,0.18402954394933,0.125171950430651,-0.0796441731398715
91.6193656093489,0.67527378748428,0.188808804421377,0.124263735885847,-0.0790585395668761
91.8864774624374,0.673304769009868,0.193616881789378,0.123404406531764,-0.0785010137204649
92.1535893155259,0.671239387528451,0.198452469567509,0.122593471326979,-0.0779707881042857
92.4207011686144,0.669079086835082,0.203314261269948,0.121830439230068,-0.0774670552219859
92.6878130217028,0.666825310724816,0.208200950410871,0.12111481919961,-0.0769890075772132
92.9549248747913,0.664479502992706,0.213111230504453,0.12044612019418,-0.076535837673615
93.2220367278798,0.662043107433805,0.218043795064873,0.119823851172357,-0.076106738014839
93.4891485809683,0.659517567843168,0.222997337606307,0.119247521092717,-0.0757009011045328
93.7562604340568,0.656904328015847,0.227970551642931,0.118716638913838,-0.0753175194463438
94.0233722871452,0.654204831746897,0.232962130688922,0.118230713594296,-0.0749557855439197
94.2904841402337,0.65142052283137,0.237970768258456,0.117789254092669,-0.0746148919009081
94.5575959933222,0.648552845064321,0.24299515786571,0.117391769367533,-0.0742940310209564
94.8247078464107,0.645603242240803,0.24803399302486,0.117037768377466,-0.0739923954077123
95.0918196994992,0.64257315815587,0.253085967250084,0.116726760081045,-0.0737091775648233
95.3589315525876,0.639464036604575,0.258149774055558,0.116458253436847,-0.0734435699959371
95.6260434056761,0.636277321381972,0.263224106955459,0.116231757403449,-0.0731947652047011
95.8931552587646,0.633014456283114,0.268307659463962,0.116046780939428,-0.072961955694763
96.1602671118531,0.629676885103055,0.273399125095244,0.115902833003361,-0.0727443339697703
96.4273789649416,0.626266051636849,0.278497197363483,0.115799422553825,-0.0725410925333705
96.69449081803,0.622783399679549,0.283600569782855,0.115736058549398,-0.0723514238892113
96.9616026711185,0.619230373026208,0.288707935867536,0.115712249948657,-0.0721745205409403
97.228714524207,0.615608415471881,0.293817989131703,0.115727505710177,-0.0720095749922049
97.4958263772955,0.611918970811621,0.298929423089533,0.115781334792538,-0.0718557797466527
97.762938230384,0.608163482840481,0.304040931255202,0.115873246154315,-0.0717123273079314
98.0300500834724,0.604343395353515,0.309151207142886,0.116002748754086,-0.0715784101796885
98.2971619365609,0.600460152145777,0.314258944266763,0.116169351550428,-0.0714532208655716
98.5642737896494,0.59651519701232,0.319362836141009,0.116372563501917,-0.0713359518692281
98.8313856427379,0.592509973748198,0.324461576279801,0.116611893567132,-0.0712257956943058
99.0984974958264,0.588445926148464,0.329553858197315,0.116886850704649,-0.0711219448444521
99.3656093489149,0.584324498008172,0.334638375407727,0.117196943873046,-0.0710235918233147
99.6327212020033,0.580147133122376,0.339713821425215,0.117541682030898,-0.070929929134541
99.8998330550918,0.575915275286129,0.344778889763954,0.117920574136784,-0.0708401492817788
100.16694490818,0.571630368294484,0.349832273938122,0.118333129149281,-0.0707534447686754
100.434056761269,0.567293855942496,0.354872667461896,0.118778856026965,-0.0706690080988786
100.701168614357,0.562907182025218,0.359898763849451,0.119257263728414,-0.0705860317760359
100.968280467446,0.558471790337703,0.364909256614964,0.119767861212204,-0.0705037083037948
101.235392320534,0.553989124675005,0.369902839272612,0.120310157436914,-0.0704212301858029
101.502504173623,0.549460628832178,0.374878205336572,0.120883661361119,-0.0703377899257078
101.769616026711,0.544887746604274,0.37983404832102,0.121487881943398,-0.070252580027157
102.0367278798,0.540271921786349,0.384769061740133,0.122122328142326,-0.0701647929937981
102.303839732888,0.535614598173455,0.389681939108087,0.122786508916482,-0.0700736213292788
102.570951585977,0.530917219560646,0.394571373939058,0.123479933224442,-0.0699782575372465
102.838063439065,0.526181229742975,0.399436059747225,0.124202110024784,-0.0698778941213488
103.105175292154,0.521408072515496,0.404274690046762,0.124952548276084,-0.0697717235852333
103.372287145242,0.516599191673264,0.409085958351847,0.125730756936919,-0.0696589384325475
103.639398998331,0.51175603101133,0.413868558176657,0.126536244965868,-0.0695387311669391
103.906510851419,0.506880034324749,0.418621183035367,0.127368521321506,-0.0694102942920556
104.173622704508,0.501972645408575,0.423342526442155,0.12822709496241,-0.0692728203115445
104.440734557596,0.497035308057861,0.428031281911196,0.129111474847159,-0.0691255017290535
104.707846410684,0.49206946606766,0.432686142956669,0.130021169934329,-0.0689675310482301
104.974958263773,0.487076563233026,0.437305803092749,0.130955689182497,-0.0687981007727219
105.242070116861,0.482058043349013,0.441888955833612,0.13191454155024,-0.0686164034061763
105.50918196995,0.477015350210675,0.446434294693436,0.132897235996135,-0.0684216314522411
105.776293823038,0.471949927613064,0.450940513186397,0.133903281478759,-0.0682129774145638
106.043405676127,0.466863219351235,0.455406304826672,0.13493218695669,-0.0679896337967919
106.310517529215,0.461756669220241,0.459830363128437,0.135983461388505,-0.067750793102573
106.577629382304,0.456631721015135,0.464211381605869,0.13705661373278,-0.0674956478355547
106.844741235392,0.451489818530972,0.468548053773144,0.138151152948093,-0.0672233904993845
107.111853088481,0.446332405562805,0.472839073144439,0.139266587993021,-0.0669332135977101
107.378964941569,0.441160925905687,0.477083133233931,0.140402427826141,-0.0666243096341789
107.646076794658,0.435976823354672,0.481278927555796,0.141558181406029,-0.0662958711124386
107.913188647746,0.430781541704813,0.485425149624211,0.142733357691264,-0.0659470905361367
108.180300500835,0.425576524751165,0.489520492953352,0.143927465640422,-0.0655771604089209
108.447412353923,0.42036321628878,0.493563651057396,0.14514001421208,-0.0651852732344385
108.714524207012,0.415143060112713,0.49755331745052,0.146370512364815,-0.0647706215163373
108.9816360601,0.409917500018016,0.5014881856469,0.147618469057205,-0.0643323977582648
109.248747913189,0.404687979799744,0.505366949160713,0.148883393247826,-0.0638697944638685
109.515859766277,0.39945594325295,0.509188301506135,0.150164793895256,-0.0633820041367961
109.782971619366,0.394222834172688,0.512950936197344,0.151462179958072,-0.0628682192806951
110.050083472454,0.388990096354011,0.516653546748514,0.15277506039485,-0.062327632399213
110.317195325543,0.383759173591972,0.520294826673825,0.154102944164169,-0.0617594359959975
110.584307178631,0.378531509681626,0.52387346948745,0.155445340224604,-0.0611628225746961
110.85141903172,0.373308548418026,0.527388168703569,0.156801757534733,-0.0605369846389564
111.118530884808,0.368091733596226,0.530837617836356,0.158171705053133,-0.0598811146924259
111.385642737896,0.362882509011278,0.534220510399988,0.159554691738382,-0.0591944052387522
111.652754590985,0.357682318458238,0.537535539908643,0.160950226549056,-0.0584760487815829
111.919866444073,0.352492605732157,0.540781399876497,0.162357818443732,-0.0577252378245655
112.186978297162,0.347314814628091,0.543956783817725,0.163776976380987,-0.0569411648713477
112.45409015025,0.342150388941092,0.547060385246506,0.1652072093194,-0.0561230224255769
112.721202003339,0.337000772466214,0.550090897677016,0.166648026217546,-0.0552700029909008
112.988313856427,0.33186740899851,0.55304701462343,0.168098936034002,-0.0543812990709669
113.255425709516,0.326751742333035,0.555927429599927,0.169559447727347,-0.0534561031694228
113.522537562604,0.321655216264841,0.558730836120681,0.171029070256156,-0.052493607789916
113.789649415693,0.316579274588983,0.561455927699871,0.172507312579007,-0.0514930054360942
114.056761268781,0.311525361100514,0.564101397851672,0.173993683654478,-0.0504534886116049
114.32387312187,0.306494919594487,0.566665940090261,0.175487692441145,-0.0493742498200956
114.590984974958,0.301489393865956,0.569148247929815,0.176988847897585,-0.048254481565214
114.858096828047,0.296510227709975,0.57154701488451,0.178496658982375,-0.0470933763506076
115.125208681135,0.291558864921598,0.573860934468523,0.180010634654093,-0.0458901266799239
115.392320534224,0.286636749295877,0.576088700196031,0.181530283871315,-0.0446439250568106
115.659432387312,0.281745324627867,0.578229005581209,0.183055115592619,-0.0433539639849152
115.926544240401,0.27688603471262,0.580280544138236,0.184584638776581,-0.0420194359678852
116.193656093489,0.272060323345191,0.582242009381286,0.18611836238178,-0.0406395335093683
116.460767946578,0.267269634320633,0.584112094824538,0.187655795366791,-0.039213449113012
116.727879799666,0.262515411434,0.585889493982167,0.189196446690192,-0.0377403752824639
116.994991652755,0.257799098480345,0.58757290036835,0.19073982531056,-0.0362195045213714
117.262103505843,0.253122139254723,0.589161007497264,0.192285440186473,-0.0346500293333824
117.529215358932,0.248485977552185,0.590652508883085,0.193832800276506,-0.0330311422221442
117.79632721202,0.243892057167787,0.59204609803999,0.195381414539239,-0.0313620356913044
118.063439065109,0.239341821896582,0.593340468482155,0.196930791933246,-0.0296419022445107
118.330550918197,0.234836715533622,0.594534313723757,0.198480441417106,-0.0278699343854107
118.597662771285,0.230378181873963,0.595626327278973,0.200029871949395,-0.0260453246176517
118.864774624374,0.225967664712657,0.59661520266198,0.201578592488692,-0.0241672654448815
119.131886477462,0.221606607844758,0.597499633386953,0.203126111993571,-0.0222349493707475
119.398998330551,0.217296455065319,0.598278312968069,0.204671939422612,-0.0202475688988974
119.666110183639,0.213038650169395,0.598949934919506,0.206215583734391,-0.0182043165329788
119.933222036728,0.208834636952038,0.599513192755439,0.207756553887485,-0.0161043847766391
120.200333889816,0.204685731587133,0.599966923499607,0.209294394910625,-0.0139470499973646
120.467445742905,0.200592139471713,0.600311213240449,0.210828965776481,-0.0117323184886431
120.734557595993,0.196553494070904,0.600546791201846,0.212360287105452,-0.00946057237820194
121.001669449082,0.192569424123121,0.600674391922849,0.213888380853867,-0.00713219689983669
121.26878130217,0.188639558366777,0.600694749942508,0.215413268978058,-0.00474757728734268
121.535893155259,0.184763525540289,0.600608599799873,0.216934973434353,-0.0023070987745153
121.803005008347,0.18094095438207,0.600416676033995,0.218453516179085,0.000188853404850097
122.070116861436,0.177171473630536,0.600119713183924,0.219968919168582,0.00273989401695803
122.337228714524,0.173454712024101,0.59971844578871,0.221481204359176,0.00534563782801312
122.604340567613,0.169790298301181,0.599213608387404,0.222990393707196,0.00800569960422001
122.871452420701,0.166177861200189,0.598605935519055,0.224496509168973,0.0107196941117833
123.13856427379,0.162617029459541,0.597896161722714,0.225999572700837,0.0134872361169075
123.405676126878,0.159107431817652,0.597085021537432,0.227499606259119,0.0163079403857972
123.672787979967,0.155648697012935,0.596173249502259,0.228996631800149,0.0191814216846572
123.939899833055,0.152240453783807,0.595161580156244,0.230490671280256,0.0221072947796918
124.207011686144,0.148882330868682,0.594050748038439,0.231981746655773,0.025085174437106
124.474123539232,0.145573957005975,0.592841487687894,0.233469879883028,0.028114675423104
124.741235392321,0.1423149609341,0.591534533643658,0.234955092918352,0.0311954125038905
125.008347245409,0.139104971391472,0.590130620444783,0.236437407718075,0.0343270004456702
125.275459098497,0.135943617116506,0.588630482630318,0.237916846238528,0.0375090540146477
125.542570951586,0.132830526847618,0.587034854739314,0.239393430436041,0.0407411879770274
125.809682804674,0.129765329323221,0.585344471310821,0.240867182266944,0.0440230170990141
126.076794657763,0.12674765328173,0.58356006688389,0.242338123687568,0.0473541561468123
126.343906510851,0.123777127461561,0.58168237599757,0.243806276654242,0.0507342198866267
126.61101836394,0.120853380601127,0.579712133190913,0.245271663123298,0.0541628230846617
126.878130217028,0.117976041438845,0.577650073002967,0.246734305051066,0.0576395805071222
127.145242070117,0.115144738713128,0.575496929972784,0.248194224393875,0.0611641069202125
127.412353923205,0.112359101162392,0.573253438639415,0.249651443108056,0.0647360170901374
127.679465776294,0.10961875752505,0.570920333541908,0.25110598314994,0.0683549257831014
127.946577629382,0.106923336539519,0.568498349219315,0.252557866475857,0.0720204477653092
128.213689482471,0.104272466944213,0.565988220210686,0.254007115042136,0.0757321978029653
128.480801335559,0.101665777477546,0.563390681055071,0.255453750805109,0.079489790662274
128.747913188648,0.0991028968779332,0.56070646629152,0.256897795721106,0.0832928411094406
129.015025041736,0.0965834538837901,0.557936310459085,0.258339271746456,0.0871409639106689
129.282136894825,0.0941070772335306,0.555080948096814,0.259778200837491,0.0910337738321644
129.549248747913,0.0916733956655702,0.552141113743758,0.261214604950541,0.0949708856401307
129.816360601002,0.0892820379183231,0.549117541938968,0.262648506041935,0.0989519141007733
130.08347245409,0.0869326327302044,0.546010967221494,0.264079926068005,0.102976473980297
130.350584307179,0.084624808839629,0.542822124130387,0.26550888698508,0.107044180044904
130.617696160267,0.0823581949850114,0.539551747204696,0.266935410749491,0.111154647060802
130.884808013356,0.0801324199047667,0.536200570983472,0.268359519317568,0.115307489794194
131.151919866444,0.0779471123373093,0.532769330005764,0.269781234645641,0.119502323011285
131.419031719533,0.0758019010210544,0.529258758810625,0.271200578690041,0.123738761478279
131.686143572621,0.0736964146944165,0.525669591937103,0.272617573407099,0.128016419961382
131.95325542571,0.0716302820958107,0.522002563924249,0.274032240753143,0.132334913226797
132.220367278798,0.0696031319636513,0.518258409311114,0.275444602684506,0.136693856040729
132.487479131886,0.0676145930363537,0.514437862636747,0.276854681157516,0.141092863169383
132.754590984975,0.0656642940523321,0.510541658440199,0.278262498128504,0.145531549378964
133.021702838063,0.0637518637500018,0.506570531260521,0.279668075553801,0.150009529435676
133.288814691152,0.0618769308677772,0.502525215636762,0.281071435389738,0.154526418105724
133.55592654424,0.0600391241440733,0.498406446107972,0.282472599592643,0.159081830155312
133.823038397329,0.058238072317305,0.494214957213204,0.283871590118847,0.163675380350644
134.090150250417,0.0564734041258868,0.489951483491505,0.285268428924682,0.168306683457926
134.357262103506,0.0547447483082338,0.485616759481927,0.286663137966477,0.172975354243362
134.624373956594,0.0530517336027604,0.481211519723521,0.288055739200562,0.177681007473157
134.891485809683,0.0513939887478819,0.476736498755335,0.289446254583268,0.182423257913515
135.158597662771,0.0497711424820126,0.472192431116422,0.290834706070925,0.187201720330641
135.42570951586,0.0481828235435678,0.46758005134583,0.292221115619863,0.192016009490739
135.692821368948,0.0466286606709617,0.462900093982611,0.293605505186413,0.196865740160015
135.959933222037,0.0451082826026097,0.458153293565814,0.294987896726905,0.201750527104671
136.227045075125,0.043621318076926,0.45334038463449,0.296368312197669,0.206669985090915
136.494156928214,0.0421673958323259,0.44846210172769,0.297746773555036,0.211623728884949
136.761268781302,0.0407461446072239,0.443519179384462,0.299123302755336,0.216611373252978
137.028380634391,0.0393571931400348,0.438512352143858,0.300497921754899,0.221632532961208
137.295492487479,0.0380001701691737,0.433442354544929,0.301870652510055,0.226686822775842
137.562604340568,0.036674704433055,0.428309921126724,0.303241516977136,0.231773857463085
137.829716193656,0.0353804246700938,0.423115786428294,0.30461053711247,0.236893251789142
138.096828046745,0.0341169596187045,0.417860684988688,0.305977734872389,0.242044620520218
138.363939899833,0.0328839380173024,0.412545351346959,0.307343132213223,0.247227578422516
138.631051752922,0.0316809886043019,0.407170520042154,0.308706751091301,0.252441740262243
138.89816360601,0.030507740118118,0.401736925613326,0.310068613462955,0.257686720805601
139.165275459098,0.0293638212971654,0.396245302599523,0.311428741284515,0.262962134818797
139.432387312187,0.028248860879859,0.390696385539797,0.312787156512311,0.268267597068033
139.699499165275,0.0271624876046134,0.385090908973198,0.314143881102673,0.273602722319516
139.966611018364,0.0261043302098436,0.379429607438776,0.315498937011931,0.278967125339449
140.233722871452,0.0250740174339642,0.373713215475582,0.316852346196417,0.284360420894037
140.500834724541,0.02407117801539,0.367942467622664,0.31820413061246,0.289782223749486
140.767946577629,0.0230954406925361,0.362118098419076,0.31955431221639,0.295232148671998
141.035058430718,0.022146434203817,0.356240842403865,0.320902912964538,0.30070981042778
141.302170283806,0.0212237872876476,0.350311434116083,0.322249954813234,0.306214823783035
141.569282136895,0.0203271286824426,0.34433060809478,0.323595459718809,0.311746803503968
141.836393989983,0.0194560871266169,0.338299098879006,0.324939449637592,0.317305364356784
142.103505843072,0.0186102913585853,0.332217641007812,0.326281946525915,0.322890121107688
142.37061769616,0.0177893701167625,0.326086969020248,0.327622972340107,0.328500688522883
142.637729549249,0.0169929521395633,0.319907817455363,0.328962549036498,0.334136681368576
142.904841402337,0.0162206661654026,0.313680920852209,0.33030069857142,0.339797714410969
143.171953255426,0.0154721409326951,0.307407013749835,0.331637442901202,0.345483402416268
143.439065108514,0.0147470051798556,0.301086830687294,0.332972803982174,0.351193360150677
143.706176961603,0.0140448876452989,0.294721106203632,0.334306803770667,0.356927202380402
143.973288814691,0.0133654170674398,0.288310574837903,0.335639464223012,0.362684543871646
144.24040066778,0.0127082221846932,0.281855971129156,0.336970807295538,0.368464999390613
144.507512520868,0.0120729317354737,0.27535802961644,0.338300854944576,0.374268183703511
144.774624373957,0.0114591744581963,0.268817484838808,0.339629629126456,0.38009371157654
145.041736227045,0.0108665790912755,0.262235071335307,0.340957151797508,0.385941197775909
145.308848080134,0.0102947743731265,0.255611523644991,0.342283444914063,0.391810257067819
145.575959933222,0.00974338904216366,0.248947576306907,0.343608530432452,0.397700504218477
145.843071786311,0.00921205183680209,0.242243963860108,0.344932430309003,0.403611553994086
146.110183639399,0.00870039149545641,0.235501420843642,0.346255166500049,0.409543021160853
146.377295492487,0.00820803675654154,0.228720681796561,0.347576760961918,0.415494520484979
146.644407345576,0.00773461635847215,0.221902481257915,0.348897235650942,0.421465666732672
146.911519198664,0.00727975903966315,0.215047553766753,0.35021661252345,0.427456074670134
147.178631051753,0.00684309353852922,0.208156633862126,0.351534913535773,0.433465359063571
147.445742904841,0.00642424859348526,0.201230456083086,0.352852160644241,0.439493134679187
147.71285475793,0.00602285294294597,0.19426975496868,0.354168375805185,0.445539016283188
147.979966611018,0.00563853532532619,0.187275265057961,0.355483580974935,0.451602618641778
148.247078464107,0.00527092447904074,0.180247720889979,0.356797798109821,0.457683556521159
148.514190317195,0.00491964914250436,0.173187857003783,0.358111049166173,0.463781444687539
148.781302170284,0.00458433805413189,0.166096407938425,0.359423356100322,0.469895897907121
149.048414023372,0.00426461995233807,0.158974108232953,0.360734740868599,0.476026530946111
149.315525876461,0.00396012357553775,0.15182169242642,0.362045225427332,0.482172958570711
149.582637729549,0.00367047766214567,0.144639895057873,0.363354831732853,0.488334795547128
149.849749582638,0.00339531095057668,0.137429450666366,0.364663581741493,0.494511656641565
150.116861435726,0.00313425217924552,0.130191093790947,0.36597149740958,0.500703156620228
150.383973288815,0.00288693008656703,0.122925558970667,0.367278600693446,0.50690891024932
150.651085141903,0.00265297341095595,0.115633580744576,0.368584913549421,0.513128532295047
150.918196994992,0.00243201089082713,0.108315893651725,0.369890457933835,0.519361637523613
151.18530884808,0.00222367126459531,0.100973232231163,0.371195255803019,0.525607840701223
151.452420701169,0.00202758327067532,0.0936063310219405,0.372499329113303,0.531866756594081
151.719532554257,0.00184337564748196,0.0862159245631096,0.373802699821017,0.538137999968392
151.986644407346,0.00167067713342998,0.0788027473937185,0.375105389882491,0.544421185590361
152.253756260434,0.00150911646693422,0.0713675340528192,0.376407421254056,0.550715928226191
152.520868113523,0.00135832238640944,0.0639110190794603,0.377708815892042,0.557021842642089
152.787979966611,0.00121792363027047,0.0564339370126938,0.379009595752779,0.563338543604257
153.055091819699,0.00108754893693205,0.0489370223915683,0.380309782792598,0.569665645878901
153.322203672788,0.000966827044809025,0.0414210097551359,0.381609398967829,0.576002764232226
153.589315525876,0.000855386692316153,0.0338866336424451,0.382908466234803,0.582349513430436
153.856427378965,0.000752856617868251,0.0263346285925478,0.384207006549849,0.588705508239735
154.123539232053,0.000658865559880093,0.0187657291444929,0.385505041869298,0.595070363426329
154.390651085142,0.000573042256766491,0.0111806698373321,0.38680259414948,0.601443693756422
154.65776293823,0.000495015446942219,0.00358018521011412,0.388099685346726,0.607825113996218
154.924874791319,0.000424413868822082,-0.00403499019810982,0.389396337417365,0.614214238911922
155.191986644407,0.000360866260820878,-0.0116641218482887,0.390692572317729,0.620610683269739
155.459098497496,0.000304001361353388,-0.0193064752013738,0.391988412004147,0.627014061835873
155.726210350584,0.000253447908834417,-0.0269613157183133,0.39328387843295,0.633423989376529
155.993322203673,0.000208834641678748,-0.0346279088600583,0.394578993560468,0.639840080657911
156.260434056761,0.000169790298301182,-0.0423055200875571,0.395873779343031,0.646261950446225
156.52754590985,0.000135943617116506,-0.0499934148617609,0.39716825773697,0.652689213507674
156.794657762938,0.000106923336539521,-0.0576908586436178,0.398462450698615,0.659121484608463
157.061769616027,8.23581949850116e-05,-0.0653971168940791,0.399756380184297,0.665558378514797
157.328881469115,6.18769308677784e-05,-0.0731114550740929,0.401050068150345,0.67199950999288
157.595993322204,4.51082826026098e-05,-0.0808331386446106,0.40234353655309,0.678444493808918
157.863105175292,3.16809886043028e-05,-0.0885614330665802,0.403636807348862,0.684892944729114
158.130217028381,2.12237872876478e-05,-0.096295603800953,0.404929902493992,0.691344477519674
158.397328881469,1.33654170674397e-05,-0.104034916308678,0.406222843944809,0.697798706946801
158.664440734558,7.7346163584723e-06,-0.111778636050704,0.407515653657645,0.704255247776701
158.931552587646,3.96012357553769e-06,-0.119526028487982,0.408808353588829,0.710713714775578
159.198664440735,1.67067713343005e-06,-0.127276359081461,0.410100965694692,0.717173722709636
159.465776293823,4.95015446942211e-07,-0.135028893292091,0.411393511931564,0.72363488634508
159.732888146912,6.18769308677863e-08,-0.142782896580821,0.412686014255775,0.730096820448115
160,0,-0.150537634408602,0.413978494623656,0.736559139784946
