"joint","motion","dof","n_rows","n_units","n_ex","n_in","st_ex","st_in","mode","x_lo","x_hi","knots","n_fitted","converged","BIC","level_shift","level_wald","joint_chi2","joint_df","joint_p","shape_chi2","shape_df","shape_p","wald_pass_ref","wald_total_ref","wald_pass_diff","wald_total_diff","sym_diff","diff_mean_signed","diff_mean_abs","diff_max_abs","diff_lo_curve","diff_hi_curve","sig_frac_x","diff_mean_lo","diff_mean_hi","resid_sd","kurtosis","seconds","note","joint_p_fdr","shape_p_fdr"
"sternoclavicular","frontal plane elevation",1,18816,17,13,4,4,3,"compare",20.5276595744681,119.991832290363,"51.2/80.8/104",1246,TRUE,551.825432003527,-2.6134249308755,-1.02145556456523,2.48182826630961,5,0.779229249196713,1.37166267720554,4,0.84910491930382,5,5,0,5,"○○○○○",-3.92347026095234,3.92347026095234,4.84642058158499,-4.84642058158499,-1.62465085147291,0,-10.3287201629924,2.48177964108767,0.22941485026166,9.48206640141142,15.0692381858826,"",0.779229249196713,0.890015275151505
"acromioclavicular","frontal plane elevation",1,18629,14,10,4,1,3,"compare",26.3857676315069,119.94871339174,"53/82.9/105.1",1109,TRUE,1266.56408501137,3.01912656732761,0.870835054888564,9.8140213698873,5,0.0806796740564611,9.33527642169989,4,0.0532442361703209,3,5,0,5,"○○○○○",2.23798365969224,2.23798365969224,4.21117110982141,0.113629188214337,4.21117110982141,0,-5.90929801776601,10.3852653371505,0.340346387876105,5.7265787121194,6.13437151908875,"",0.10240112476397,0.0732108247341912
"scapulothoracic","frontal plane elevation",1,22102,44,13,31,4,5,"compare",20.1276595744681,138.936170212766,"49.4/83.5/111.7",3002,TRUE,3427.44759086726,-8.66780101280395,-2.60839907680752,17.8323524474388,5,0.00316402094326962,11.1517200577796,4,0.0249107795258363,2,5,2,5,"●○●○○",-7.37026061923424,7.37026061923424,9.04563225948829,-9.04563225948829,-4.46152902641891,0.156,-15.5688905061741,0.828369267705606,0.308167600411479,3.5037578747432,16.6748194694519,"",0.00497203291085226,0.0373661692887545
"glenohumeral","frontal plane elevation",1,21560,33,10,23,1,3,"compare",26.3857676315069,125.312446942158,"51.7/81.4/106.4",2163,TRUE,6284.65437294598,31.5614831536162,1.74501515531695,22.6225005714966,5,0.000398520785055216,19.6399835258922,4,0.000588110177564308,2,5,2,5,"○●●○○",0.0192828092344697,8.67731098553255,20.4285937441428,-13.2229291957633,20.4285937441428,0,-40.6733921468552,40.7119577653241,0.708636005206184,2.89008994678701,19.2910625934601,"",0.000692167679306428,0.00107820199220123
"sternoclavicular","scapular plane elevation",1,280,26,1,25,1,2,"single",30,134.851063829787,"45.8/75/105",240,TRUE,793.916049360421,NA,NA,NA,NA,NA,NA,NA,NA,5,5,NA,NA,NA,NA,NA,NA,NA,NA,NA,NA,NA,0.154759196742967,5.69574915170762,5.7755434513092,"",NA,NA
"acromioclavicular","scapular plane elevation",1,32,2,1,1,1,1,"skip",NA,NA,NA,0,NA,NA,NA,NA,NA,NA,NA,NA,NA,NA,NA,NA,NA,NA,NA,NA,NA,NA,NA,NA,NA,NA,NA,NA,NA,NA,"too few units (1 ex / 1 in)",NA,NA
"scapulothoracic","scapular plane elevation",1,3161,51,2,49,2,7,"single",10.1999507897671,158.29486455993,"44.1/90/130.7",2311,TRUE,4448.92636984231,NA,NA,NA,NA,NA,NA,NA,NA,3,5,NA,NA,NA,NA,NA,NA,NA,NA,NA,NA,NA,0.410799047287255,4.6388590219435,16.3550689220428,"",NA,NA
"glenohumeral","scapular plane elevation",1,2831,21,0,21,0,2,"single",10.1999507897671,158.29486455993,"41.4/93.4/133.4",1981,TRUE,10450.8101562214,NA,NA,NA,NA,NA,NA,NA,NA,4,5,NA,NA,NA,NA,NA,NA,NA,NA,NA,NA,NA,2.7730736864343,8.91968305382601,14.9920792579651,"",NA,NA
"sternoclavicular","sagittal plane elevation",1,19360,16,13,3,4,2,"compare",20,120,"42.5/66.5/97.1",1156,TRUE,827.932004629282,2.96912023466013,0.707504675901332,3.66102517334907,5,0.599174542008624,3.15618429875098,4,0.532036862846489,5,5,0,5,"○○○○○",3.82531455232783,3.82531455232783,7.72649480616968,2.17857281693373,7.72649480616968,0,-5.91058672387528,13.5612158285309,0.25420527334649,0.56112296383095,6.56510758399963,"",0.617898746446394,0.605421257721867
"acromioclavicular","sagittal plane elevation",1,19168,13,10,3,1,2,"compare",20,120,"42.3/66.7/97.6",1024,TRUE,214.322209733361,5.97404430575835,1.70121654522862,12.3498175284283,5,0.030296470657936,9.40735910539918,4,0.0516860142968328,4,5,0,5,"○○○○○",7.28793172293217,7.28793172293217,9.41624055476572,6.02083537172546,9.41624055476572,0.304,-0.0263346197950298,14.6021980656594,0.203415670167986,2.73752595473077,5.83870053291321,"",0.0399913412684755,0.0732108247341912
"scapulothoracic","sagittal plane elevation",1,21807,38,13,25,4,5,"compare",19.4468085106383,144.042553191489,"47.5/84.8/117.5",2742,TRUE,3576.92616456562,2.71879629562605,0.878220813714177,21.9047462080693,5,0.00054588400833892,21.0928428023357,4,0.000303525221855177,3,5,3,5,"○○●●●",6.85711049974821,6.85711049974821,10.8722680138222,3.52254919833776,10.8722680138222,0.44,0.268998401916233,13.4452225975802,0.347271813172721,13.4670827387755,17.7011291980743,"",0.000900708613759219,0.000589196018895343
"glenohumeral","sagittal plane elevation",1,21680,34,10,24,1,4,"compare",19.4352977105848,135.502665844067,"45/78.5/111.3",2406,TRUE,12100.0016623043,145.096794853604,7.82599792253548,265.250353600533,5,2.92969825288766e-55,205.889552635167,4,2.03448444400168e-43,5,5,5,5,"●●●●●",15.9343723005921,17.1254732567081,105.629981974249,-3.4979352328181,105.629981974249,0.144,-25.7408672817991,57.6096118829834,2.26298324920152,22.3153110710195,22.8230600357056,"",4.83400211726463e-54,3.35689933260276e-42
"sternoclavicular","horizontal flexion",1,13064,10,10,0,2,0,"single",-100.797346952807,-0.165391774641805,"-75.6/-50.4/-26.1",863,TRUE,39.8645059485875,NA,NA,NA,NA,NA,NA,NA,NA,4,5,NA,NA,NA,NA,NA,NA,NA,NA,NA,NA,NA,0.192175924156184,4.57310674448091,6.18795490264893,"",NA,NA
"acromioclavicular","horizontal flexion",1,13047,9,9,0,1,0,"single",-100.712139748592,-0.116220254514971,"-75.6/-50.3/-25.9",861,TRUE,-126.590982471252,NA,NA,NA,NA,NA,NA,NA,NA,4,5,NA,NA,NA,NA,NA,NA,NA,NA,NA,NA,NA,0.175540118457828,2.40845322324044,6.97427988052368,"",NA,NA
"scapulothoracic","horizontal flexion",1,13485,17,10,7,2,1,"compare",-100.806402522268,-0.0258220878991011,"-74.7/-49.9/-25.6",1246,TRUE,515.246787170093,-1.80390168183592,-0.462917567949324,36.8015825883414,5,6.56381706008415e-07,36.5668682119053,4,2.21202400518692e-07,5,5,3,5,"○●●●○",-12.1376215188756,12.1376215188756,18.7458332181736,-18.7458332181736,-3.05887021081848,0.596,-22.0120965225259,-2.26314651522534,0.219464935871787,13.5387996494175,16.3653340339661,"",1.54718544987698e-06,5.21405658365487e-07
"glenohumeral","horizontal flexion",1,13047,9,9,0,1,0,"single",-100.712139748592,-0.116220254514971,"-75.6/-50.3/-25.9",861,TRUE,493.519653880852,NA,NA,NA,NA,NA,NA,NA,NA,5,5,NA,NA,NA,NA,NA,NA,NA,NA,NA,NA,NA,0.247871785156349,10.1049526102101,7.7467634677887,"",NA,NA
"sternoclavicular","internal-external rotation 0 degree-abducted",1,9179,12,10,2,1,1,"single",-33.4692636241369,125.006970398204,"11.2/40.7/69.5",1112,TRUE,70.4633092973826,NA,NA,NA,NA,NA,NA,NA,NA,5,5,NA,NA,NA,NA,NA,NA,NA,NA,NA,NA,NA,0.199305435217203,11.7096575746754,4.87988209724426,"",NA,NA
"acromioclavicular","internal-external rotation 0 degree-abducted",1,9179,12,10,2,1,1,"single",-33.4692636241369,125.006970398204,"11.2/40.7/69.5",1112,TRUE,-875.849370786749,NA,NA,NA,NA,NA,NA,NA,NA,2,5,NA,NA,NA,NA,NA,NA,NA,NA,NA,NA,NA,0.128435565077321,6.82533147332595,8.1168520450592,"",NA,NA
"scapulothoracic","internal-external rotation 0 degree-abducted",1,11438,31,10,21,1,2,"compare",-28.6830967338435,109.473158309451,"-2.3/29.9/59.6",2365,TRUE,5535.44967684461,16.0560537288712,3.31839766015174,55.6715644578802,5,9.49573229254639e-11,54.7718343720006,4,3.62702221574112e-11,4,5,5,5,"●●●●●",-7.90937720018223,9.6778714959079,31.6524768498912,-31.6524768498912,6.70150856628199,0.34,-19.4162370026438,3.59748260227929,0.621278619533986,20.0153723442861,12.8787517547607,"",2.84871968776392e-10,1.08810666472234e-10
"glenohumeral","internal-external rotation 0 degree-abducted",1,11438,31,10,21,1,2,"compare",-28.6830967338435,109.473158309451,"-2.3/29.9/59.6",2365,TRUE,12900.7375598815,22.9640629769538,0.698520526989475,3.67784906331853,5,0.596663778944916,2.66788972903709,4,0.614845074879258,0,5,0,5,"○○○○○",48.9171590878814,48.9171590878814,61.8530677147457,6.48039241570982,61.8530677147457,0,-21.1895703939357,119.023888569698,2.8797177293221,20.8460349237734,27.4072351455688,"",0.617898746446394,0.676329582367184
"sternoclavicular","internal-external rotation 90 degree-abducted",1,402,2,0,2,0,1,"skip",NA,NA,NA,0,NA,NA,NA,NA,NA,NA,NA,NA,NA,NA,NA,NA,NA,NA,NA,NA,NA,NA,NA,NA,NA,NA,NA,NA,NA,NA,"too few units (0 ex / 2 in)",NA,NA
"acromioclavicular","internal-external rotation 90 degree-abducted",1,402,2,0,2,0,1,"skip",NA,NA,NA,0,NA,NA,NA,NA,NA,NA,NA,NA,NA,NA,NA,NA,NA,NA,NA,NA,NA,NA,NA,NA,NA,NA,NA,NA,NA,NA,"too few units (0 ex / 2 in)",NA,NA
"scapulothoracic","internal-external rotation 90 degree-abducted",1,2833,24,0,24,0,4,"single",-43.9034249509451,103.16434324727,"-1/31.4/69",2135,TRUE,2393.01395982058,NA,NA,NA,NA,NA,NA,NA,NA,4,5,NA,NA,NA,NA,NA,NA,NA,NA,NA,NA,NA,0.344918436620223,2.61607379229263,11.642404794693,"",NA,NA
"glenohumeral","internal-external rotation 90 degree-abducted",1,2807,22,0,22,0,2,"single",-43.9034249509451,103.16434324727,"-0.9/31.8/69.5",2109,TRUE,5263.43228288841,NA,NA,NA,NA,NA,NA,NA,NA,3,5,NA,NA,NA,NA,NA,NA,NA,NA,NA,NA,NA,0.687631979429124,7.08504379548551,11.2093377113342,"",NA,NA
"sternoclavicular","frontal plane elevation",2,18816,17,13,4,4,3,"compare",20.5276595744681,119.991832290363,"51.2/80.8/104",1246,TRUE,1003.69408625978,-1.56979167512429,-0.36598189971537,17.6710853245927,5,0.00338817029755329,17.3370722653817,4,0.00166212360008226,5,5,1,5,"○●○○○",-6.16696625884395,6.16696625884395,7.79817099957243,-7.79817099957243,-2.35821084210597,0,-15.6130133744195,3.27908085673163,0.277811258670285,51.4994691966632,12.7325971126556,"",0.00508225544632993,0.00288684625277446
"acromioclavicular","frontal plane elevation",2,18629,14,10,4,1,3,"compare",26.3857676315069,119.94871339174,"53/82.9/105.1",1109,TRUE,1613.02472540147,-6.56839477785075,-1.22634820089272,61.6973747121356,5,5.41683173943319e-12,58.5968593438624,4,5.71839018253245e-12,3,5,4,5,"○●●●●",-18.3249172132991,18.3249172132991,34.8261692268944,-34.8261692268944,-10.1987964089912,0.56,-32.1734142270775,-4.47642019952075,0.386922630413809,30.5585640020568,6.95540928840637,"",1.98617163779217e-11,2.09674306692856e-11
"scapulothoracic","frontal plane elevation",2,22102,44,13,31,4,5,"compare",20.1276595744681,138.936170212766,"49.4/83.5/111.7",3002,TRUE,4363.93274936914,-1.13104323147843,-0.422675415801891,92.987959995587,5,1.58239316260036e-18,92.5328907447548,4,3.81321260823523e-19,4,5,2,5,"○●○○●",-10.7798917307291,10.902629269729,16.7975027154046,-16.7975027154046,2.61780226739314,0.752,-17.2379211719706,-4.32186228948761,0.370337328961269,4.21331167543174,16.3067798614502,"",8.70316239430196e-18,2.09726693452938e-18
"glenohumeral","frontal plane elevation",2,21560,33,10,23,1,3,"compare",26.3857676315069,125.312446942158,"51.7/81.4/106.4",2163,TRUE,2273.32540104149,-2.70219298344746,-0.783677623078534,77.5506867152926,5,2.72878395525675e-15,77.1025078232121,4,7.15423847282304e-16,4,5,3,5,"○●●○●",10.7503651695919,10.7503651695919,15.7763072591384,2.41058838391388,15.7763072591384,0.676,2.97589688675217,18.5248334524317,0.293610659437074,3.57799494977024,22.7321906089783,"",1.2864267217639e-14,3.37271242290229e-15
"sternoclavicular","scapular plane elevation",2,280,26,1,25,1,2,"single",30,134.851063829787,"45.8/75/105",240,TRUE,446.662002692187,NA,NA,NA,NA,NA,NA,NA,NA,5,5,NA,NA,NA,NA,NA,NA,NA,NA,NA,NA,NA,0.0509936175527071,29.7723975037835,4.8999195098877,"",NA,NA
"acromioclavicular","scapular plane elevation",2,32,2,1,1,1,1,"skip",NA,NA,NA,0,NA,NA,NA,NA,NA,NA,NA,NA,NA,NA,NA,NA,NA,NA,NA,NA,NA,NA,NA,NA,NA,NA,NA,NA,NA,NA,"too few units (1 ex / 1 in)",NA,NA
"scapulothoracic","scapular plane elevation",2,3161,51,2,49,2,7,"single",10.1999507897671,158.29486455993,"44.1/90/130.7",2311,TRUE,3723.15974959226,NA,NA,NA,NA,NA,NA,NA,NA,5,5,NA,NA,NA,NA,NA,NA,NA,NA,NA,NA,NA,0.363505912083993,4.31337260202187,18.1437776088715,"",NA,NA
"glenohumeral","scapular plane elevation",2,2831,21,0,21,0,2,"single",10.1999507897671,158.29486455993,"41.4/93.4/133.4",1981,TRUE,3583.90276975523,NA,NA,NA,NA,NA,NA,NA,NA,5,5,NA,NA,NA,NA,NA,NA,NA,NA,NA,NA,NA,0.478268938696507,5.96315663834172,16.3718101978302,"",NA,NA
"sternoclavicular","sagittal plane elevation",2,19360,16,13,3,4,2,"compare",20,120,"42.5/66.5/97.1",1156,TRUE,475.474814274157,-6.10114876005314,-1.28027775186455,57.2128509719317,5,4.57102722426829e-11,55.406327384962,4,2.67053727919485e-11,5,5,3,5,"○●○●●",-6.51176268550818,6.51176268550818,8.49615419322455,-8.49615419322455,-0.658889953890571,0,-16.1647514363535,3.14122606533713,0.226789106711925,7.70377572824815,9.98734927177429,"",1.50843898400854e-10,8.81277302134301e-11
"acromioclavicular","sagittal plane elevation",2,19168,13,10,3,1,2,"compare",20,120,"42.3/66.7/97.6",1024,TRUE,805.002187685797,-11.1870947720062,-1.91953580565875,167.135860754036,5,2.97922984811692e-34,163.086142612417,4,3.18401216657155e-34,4,5,4,5,"○●●●●",-20.8825293236901,20.8825293236901,31.1233651982658,-31.1233651982658,-11.375862674601,0.996,-32.5574404717779,-9.2076181756023,0.276905876201798,1.31663792816921,6.96639013290405,"",2.45786462469646e-33,2.62681003742153e-33
"scapulothoracic","sagittal plane elevation",2,21807,38,13,25,4,5,"compare",19.4468085106383,144.042553191489,"47.5/84.8/117.5",2742,TRUE,2738.8675185505,-0.596809527213573,-0.178164862258576,106.713937836545,5,2.02611579925144e-21,106.663307556588,4,3.7446391874216e-22,4,5,2,5,"○●○●○",-8.90899357442045,8.90899357442045,14.1148907546602,-14.1148907546602,-2.70764176011301,0.556,-16.2229384550713,-1.59504869376957,0.29636264157322,1.64192571095716,16.6363389492035,"",1.33723642750595e-20,2.47146186369826e-21
"glenohumeral","sagittal plane elevation",2,21680,34,10,24,1,4,"compare",19.4352977105848,135.502665844067,"45/78.5/111.3",2406,TRUE,3462.4792470554,-20.87555738582,-7.0161767962131,258.345391669358,5,8.89537419638001e-54,210.606389621145,4,1.96765921538944e-44,4,5,4,5,"●●●●○",3.77252052841854,7.10339370909376,14.9294068973894,-14.9294068973894,9.79712305112452,0.5,-3.43322006898136,10.9782611258184,0.36603613534089,3.55851610990328,17.0052063465118,"",9.78491161601801e-53,6.49327541078515e-43
"sternoclavicular","horizontal flexion",2,13064,10,10,0,2,0,"single",-100.797346952807,-0.165391774641805,"-75.6/-50.4/-26.1",863,TRUE,-346.468959111719,NA,NA,NA,NA,NA,NA,NA,NA,4,5,NA,NA,NA,NA,NA,NA,NA,NA,NA,NA,NA,0.153387537330011,2.28479453948987,5.04821491241455,"",NA,NA
"acromioclavicular","horizontal flexion",2,13047,9,9,0,1,0,"single",-100.712139748592,-0.116220254514971,"-75.6/-50.3/-25.9",861,TRUE,464.689485142441,NA,NA,NA,NA,NA,NA,NA,NA,3,5,NA,NA,NA,NA,NA,NA,NA,NA,NA,NA,NA,0.24740241673418,3.34872859338712,5.35227298736572,"",NA,NA
"scapulothoracic","horizontal flexion",2,13485,17,10,7,2,1,"compare",-100.806402522268,-0.0258220878991011,"-74.7/-49.9/-25.6",1246,TRUE,192.432711375182,11.6219725497273,3.27501966211568,47.9432485548742,5,3.64793980976786e-09,37.0329300050581,4,1.77338316850749e-07,4,5,3,5,"●●○○●",20.8412378030303,20.8412378030303,22.9100673391387,14.5330983543514,22.9100673391387,1,13.0055906805331,28.6768849255275,0.193356054444255,8.95161977105682,13.4589760303497,"",9.26015490171842e-09,4.50166496621133e-07
"glenohumeral","horizontal flexion",2,13047,9,9,0,1,0,"single",-100.712139748592,-0.116220254514971,"-75.6/-50.3/-25.9",861,TRUE,668.634552532066,NA,NA,NA,NA,NA,NA,NA,NA,3,5,NA,NA,NA,NA,NA,NA,NA,NA,NA,NA,NA,0.277214060940817,4.41815392492215,4.75400304794312,"",NA,NA
"sternoclavicular","internal-external rotation 0 degree-abducted",2,9179,12,10,2,1,1,"single",-33.4692636241369,125.006970398204,"11.2/40.7/69.5",1112,TRUE,-2235.51517609612,NA,NA,NA,NA,NA,NA,NA,NA,1,5,NA,NA,NA,NA,NA,NA,NA,NA,NA,NA,NA,0.0694664371686509,0.262609781508209,5.49627113342285,"",NA,NA
"acromioclavicular","internal-external rotation 0 degree-abducted",2,9179,12,10,2,1,1,"single",-33.4692636241369,125.006970398204,"11.2/40.7/69.5",1112,TRUE,-928.673191134731,NA,NA,NA,NA,NA,NA,NA,NA,2,5,NA,NA,NA,NA,NA,NA,NA,NA,NA,NA,NA,0.125310893020671,0.949556495638376,4.90143871307373,"",NA,NA
"scapulothoracic","internal-external rotation 0 degree-abducted",2,11438,31,10,21,1,2,"compare",-28.6830967338435,109.473158309451,"-2.3/29.9/59.6",2365,TRUE,1640.21417544546,-9.96275723247506,-2.48079160826087,7.6331976685524,5,0.177643130686967,1.29014636779573,4,0.863045115298429,2,5,1,5,"●○○○○",-10.3701350480736,10.3701350480736,14.5580257174103,-14.5580257174103,-9.54699421790971,0.712,-19.2369148347662,-1.50335526138102,0.265762481888044,6.89552796132202,13.9881818294525,"",0.217119381950738,0.890015275151505
"glenohumeral","internal-external rotation 0 degree-abducted",2,11438,31,10,21,1,2,"compare",-28.6830967338435,109.473158309451,"-2.3/29.9/59.6",2365,TRUE,3440.26750218901,27.2968036531893,3.44662192213422,14.6273381729015,5,0.012079188900256,5.38401824766847,4,0.250114032290717,3,5,1,5,"●○○○○",18.7763755023893,18.7763755023893,23.0707832356228,12.5307762855396,23.0707832356228,0.672,2.08833029956326,35.4644207052153,0.383175484244248,3.40258897250282,12.8988335132599,"",0.0173310101612369,0.317452425599756
"sternoclavicular","internal-external rotation 90 degree-abducted",2,402,2,0,2,0,1,"skip",NA,NA,NA,0,NA,NA,NA,NA,NA,NA,NA,NA,NA,NA,NA,NA,NA,NA,NA,NA,NA,NA,NA,NA,NA,NA,NA,NA,NA,NA,"too few units (0 ex / 2 in)",NA,NA
"acromioclavicular","internal-external rotation 90 degree-abducted",2,402,2,0,2,0,1,"skip",NA,NA,NA,0,NA,NA,NA,NA,NA,NA,NA,NA,NA,NA,NA,NA,NA,NA,NA,NA,NA,NA,NA,NA,NA,NA,NA,NA,NA,NA,"too few units (0 ex / 2 in)",NA,NA
"scapulothoracic","internal-external rotation 90 degree-abducted",2,2833,24,0,24,0,4,"single",-43.9034249509451,103.16434324727,"-1/31.4/69",2135,TRUE,884.008054482993,NA,NA,NA,NA,NA,NA,NA,NA,5,5,NA,NA,NA,NA,NA,NA,NA,NA,NA,NA,NA,0.232217929805442,1.72299184783105,10.7007522583008,"",NA,NA
"glenohumeral","internal-external rotation 90 degree-abducted",2,2807,22,0,22,0,2,"single",-43.9034249509451,103.16434324727,"-0.9/31.8/69.5",2109,TRUE,2562.27946380368,NA,NA,NA,NA,NA,NA,NA,NA,3,5,NA,NA,NA,NA,NA,NA,NA,NA,NA,NA,NA,0.357239369051301,3.5006794128148,13.4598269462585,"",NA,NA
"sternoclavicular","frontal plane elevation",3,18816,17,13,4,4,3,"compare",20.5276595744681,119.991832290363,"51.2/80.8/104",1246,TRUE,1455.00455260897,1.35458286452682,0.222230462106166,54.9714960042029,5,1.32310708333739e-10,54.4376135208657,4,4.26148599494672e-11,4,5,3,5,"○●●●○",11.7405223200008,11.7405223200008,16.8341692889826,4.68911646544253,16.8341692889826,0.448,-1.4645504127836,24.9455950527851,0.332629204086278,44.9159471068417,12.6175098419189,"",3.63854447917781e-10,1.17190864861035e-10
"acromioclavicular","frontal plane elevation",3,18629,14,10,4,1,3,"compare",26.3857676315069,119.94871339174,"53/82.9/105.1",1109,TRUE,976.660494464764,-9.50879273855036,-1.92740849713536,6.94398123118429,5,0.224839946265406,3.20436104449722,4,0.524226851152174,5,5,0,5,"○○○○○",-7.71353579803102,7.71353579803102,10.4838458301196,-10.4838458301196,-6.45010587886752,0,-19.6525528342402,4.22548123817814,0.288744278509788,2.09952733887507,6.93549132347107,"",0.255852352646841,0.605421257721867
"scapulothoracic","frontal plane elevation",3,22102,44,13,31,4,5,"compare",20.1276595744681,138.936170212766,"49.4/83.5/111.7",3002,TRUE,3102.01158289291,-1.19161733133537,-0.358884196544247,36.2692573171329,5,8.39000367405517e-07,36.2302120456921,4,2.59469387346705e-07,5,5,3,5,"○●●●○",6.28059703621133,6.28059703621133,9.70814398209663,1.61017716256325,9.70814398209663,0.388,-1.1308072170305,13.6920012894532,0.296194158500096,10.2021144407858,14.9809267520905,"",1.84580080829214e-06,5.70832652162752e-07
"glenohumeral","frontal plane elevation",3,21560,33,10,23,1,3,"compare",26.3857676315069,125.312446942158,"51.7/81.4/106.4",2163,TRUE,6707.58842327177,-86.5747633983767,-4.63894526368701,33.388294882537,5,3.15096122055411e-06,12.0347949402827,4,0.0170943880834693,4,5,2,5,"●○●○○",-60.5169204984319,60.5169204984319,75.4877039101987,-75.4877039101987,-53.4190300965166,1,-101.883963682639,-19.1498773142245,0.787000860360458,2.492545510736,17.1041653156281,"",6.49885751739286e-06,0.0282057403377243
"sternoclavicular","scapular plane elevation",3,280,26,1,25,1,2,"single",30,134.851063829787,"45.8/75/105",240,TRUE,484.655811196761,NA,NA,NA,NA,NA,NA,NA,NA,4,5,NA,NA,NA,NA,NA,NA,NA,NA,NA,NA,NA,0.0566510698005388,6.93926267187908,4.80976414680481,"",NA,NA
"acromioclavicular","scapular plane elevation",3,32,2,1,1,1,1,"skip",NA,NA,NA,0,NA,NA,NA,NA,NA,NA,NA,NA,NA,NA,NA,NA,NA,NA,NA,NA,NA,NA,NA,NA,NA,NA,NA,NA,NA,NA,"too few units (1 ex / 1 in)",NA,NA
"scapulothoracic","scapular plane elevation",3,3161,51,2,49,2,7,"single",10.1999507897671,158.29486455993,"44.1/90/130.7",2311,TRUE,3926.36086538522,NA,NA,NA,NA,NA,NA,NA,NA,5,5,NA,NA,NA,NA,NA,NA,NA,NA,NA,NA,NA,0.37921593506464,4.58571679557755,13.0678389072418,"",NA,NA
"glenohumeral","scapular plane elevation",3,2831,21,0,21,0,2,"single",10.1999507897671,158.29486455993,"41.4/93.4/133.4",1981,TRUE,10485.3957644054,NA,NA,NA,NA,NA,NA,NA,NA,4,5,NA,NA,NA,NA,NA,NA,NA,NA,NA,NA,NA,2.78741751499566,7.90796623764469,12.3995296955109,"",NA,NA
"sternoclavicular","sagittal plane elevation",3,19360,16,13,3,4,2,"compare",20,120,"42.5/66.5/97.1",1156,TRUE,857.357902661873,4.905757439588,0.705650381291612,26.6739455545248,5,6.60163309861938e-05,26.1350636862909,4,2.97208301176026e-05,4,5,2,5,"○●●○○",11.8060303543317,11.8060303543317,15.3258582246387,5.14650960559742,15.3258582246387,0.38,-2.76909075924473,26.3811514679081,0.256833260571506,2.54392737508,6.59630608558655,"",0.000128149348384964,6.12992121175554e-05
"acromioclavicular","sagittal plane elevation",3,19168,13,10,3,1,2,"compare",20,120,"42.3/66.7/97.6",1024,TRUE,738.979097613468,-5.15744240794252,-1.30538392343963,13.1455655485458,5,0.0220521854579448,11.5072840401695,4,0.0214172179750917,5,5,1,5,"○●○○○",-3.45951645027053,3.45951645027053,6.20150003587994,-6.20150003587994,-2.07537226911651,0,-11.5479064805696,4.6288735800285,0.267820058589957,1.37887527196381,5.96359205245972,"",0.030321755004674,0.0336556282465727
"scapulothoracic","sagittal plane elevation",3,21807,38,13,25,4,5,"compare",19.4468085106383,144.042553191489,"47.5/84.8/117.5",2742,TRUE,2194.05674352126,-6.42029868369325,-3.06088909296345,76.0057945407171,5,5.73676012913386e-15,66.8702307241492,4,1.0382822718557e-13,5,5,5,5,"●●●●●",0.507698032452868,2.31957927592612,7.15808268485704,-5.13138380047904,7.15808268485704,0.092,-4.4528001118351,5.46819617674084,0.266897158504967,1.56321708410851,18.2796518802643,"",2.36641355326772e-14,4.28291437140475e-13
"glenohumeral","sagittal plane elevation",3,21680,34,10,24,1,4,"compare",19.4352977105848,135.502665844067,"45/78.5/111.3",2406,TRUE,12000.3451218659,-169.477240876626,-8.44759157089814,274.394167410898,5,3.18554862379393e-57,204.355157575453,4,4.34937336478553e-43,5,5,5,5,"●●●●●",-54.9322701768218,54.9322701768218,134.91968889356,-134.91968889356,-28.3533160645666,0.6,-99.7148049194265,-10.1497354342171,2.20169077597372,17.900817829889,18.2564969062805,"",1.051231045852e-55,4.78431070126408e-42
"sternoclavicular","horizontal flexion",3,13064,10,10,0,2,0,"single",-100.797346952807,-0.165391774641805,"-75.6/-50.4/-26.1",863,TRUE,96.8399177073232,NA,NA,NA,NA,NA,NA,NA,NA,5,5,NA,NA,NA,NA,NA,NA,NA,NA,NA,NA,NA,0.198391939328973,2.21982250634446,4.53124046325684,"",NA,NA
"acromioclavicular","horizontal flexion",3,13047,9,9,0,1,0,"single",-100.712139748592,-0.116220254514971,"-75.6/-50.3/-25.9",861,TRUE,283.884324942766,NA,NA,NA,NA,NA,NA,NA,NA,5,5,NA,NA,NA,NA,NA,NA,NA,NA,NA,NA,NA,0.225661101653652,1.35688232510429,5.31608104705811,"",NA,NA
"scapulothoracic","horizontal flexion",3,13485,17,10,7,2,1,"compare",-100.806402522268,-0.0258220878991011,"-74.7/-49.9/-25.6",1246,TRUE,-504.702985157127,-14.4331107074744,-4.23184079259565,23.6672061352168,5,0.000251526138764571,5.78789568514623,4,0.215558201352921,4,5,1,5,"●○○○○",-12.0352892597142,12.0352892597142,13.3629669187544,-13.3629669187544,-10.939631976989,1,-19.7387671947344,-4.33181132469397,0.14607608290057,9.04161017391355,11.9742524623871,"",0.000461131254401714,0.284536825785856
"glenohumeral","horizontal flexion",3,13047,9,9,0,1,0,"single",-100.712139748592,-0.116220254514971,"-75.6/-50.3/-25.9",861,TRUE,979.308152865281,NA,NA,NA,NA,NA,NA,NA,NA,5,5,NA,NA,NA,NA,NA,NA,NA,NA,NA,NA,NA,0.329786758874183,7.62532466888144,5.38830161094666,"",NA,NA
"sternoclavicular","internal-external rotation 0 degree-abducted",3,9179,12,10,2,1,1,"single",-33.4692636241369,125.006970398204,"11.2/40.7/69.5",1112,TRUE,-1003.70272090215,NA,NA,NA,NA,NA,NA,NA,NA,4,5,NA,NA,NA,NA,NA,NA,NA,NA,NA,NA,NA,0.123063805808907,13.4458110928331,6.79508471488953,"",NA,NA
"acromioclavicular","internal-external rotation 0 degree-abducted",3,9179,12,10,2,1,1,"single",-33.4692636241369,125.006970398204,"11.2/40.7/69.5",1112,TRUE,-1289.36592972134,NA,NA,NA,NA,NA,NA,NA,NA,0,5,NA,NA,NA,NA,NA,NA,NA,NA,NA,NA,NA,0.102227877192596,1.82752155308702,7.73446035385132,"",NA,NA
"scapulothoracic","internal-external rotation 0 degree-abducted",3,11438,31,10,21,1,2,"compare",-28.6830967338435,109.473158309451,"-2.3/29.9/59.6",2365,TRUE,1364.80609378939,-3.05557545672705,-1.03546912328733,7.27713550713073,5,0.200831736271004,4.66190435867524,4,0.323779038274962,1,5,0,5,"○○○○○",-6.95294393754584,6.95294393754584,8.45621106908725,-8.45621106908725,-5.39911667753621,0.56,-13.4204852919393,-0.485402583152421,0.252437019265017,11.5883117847937,14.0114123821259,"",0.236694546319398,0.395729935669398
"glenohumeral","internal-external rotation 0 degree-abducted",3,11438,31,10,21,1,2,"compare",-28.6830967338435,109.473158309451,"-2.3/29.9/59.6",2365,TRUE,13088.706625202,76.278040620862,2.11010147122848,5.44103076486751,5,0.364455407414784,0.280477419011715,4,0.991039313686507,5,5,1,5,"●○○○○",80.3095699798279,80.3095699798279,96.1919850932269,70.1778550316495,96.1919850932269,0.12,3.77107871321353,156.848061246442,2.99689674949179,19.706691529311,16.9061186313629,"",0.400900948156262,0.991039313686507
"sternoclavicular","internal-external rotation 90 degree-abducted",3,402,2,0,2,0,1,"skip",NA,NA,NA,0,NA,NA,NA,NA,NA,NA,NA,NA,NA,NA,NA,NA,NA,NA,NA,NA,NA,NA,NA,NA,NA,NA,NA,NA,NA,NA,"too few units (0 ex / 2 in)",NA,NA
"acromioclavicular","internal-external rotation 90 degree-abducted",3,402,2,0,2,0,1,"skip",NA,NA,NA,0,NA,NA,NA,NA,NA,NA,NA,NA,NA,NA,NA,NA,NA,NA,NA,NA,NA,NA,NA,NA,NA,NA,NA,NA,NA,NA,"too few units (0 ex / 2 in)",NA,NA
"scapulothoracic","internal-external rotation 90 degree-abducted",3,2833,24,0,24,0,4,"single",-43.9034249509451,103.16434324727,"-1/31.4/69",2135,TRUE,1801.37526889749,NA,NA,NA,NA,NA,NA,NA,NA,5,5,NA,NA,NA,NA,NA,NA,NA,NA,NA,NA,NA,0.299040937783939,3.09688874910042,10.6910829544067,"",NA,NA
"glenohumeral","internal-external rotation 90 degree-abducted",3,2807,22,0,22,0,2,"single",-43.9034249509451,103.16434324727,"-0.9/31.8/69.5",2109,TRUE,3944.71530351324,NA,NA,NA,NA,NA,NA,NA,NA,5,5,NA,NA,NA,NA,NA,NA,NA,NA,NA,NA,NA,0.501276469875303,9.43676803972989,16.7604339122772,"",NA,NA
