"joint","motion","dof","n_in","n_ex","mode","n_converged","K_bic","K_5pct","K_1pct","default_K","selected_K","note"
"sternoclavicular","frontal plane elevation",1,4,13,"compare",10,8,6,9,6,6,
"sternoclavicular","frontal plane elevation",2,4,13,"compare",10,10,5,8,5,5,
"sternoclavicular","frontal plane elevation",3,4,13,"compare",10,9,6,10,6,6,
"sternoclavicular","scapular plane elevation",1,25,1,"single",9,9,4,4,4,4,
"sternoclavicular","scapular plane elevation",2,25,1,"single",10,4,4,5,4,4,
"sternoclavicular","scapular plane elevation",3,25,1,"single",10,3,4,4,4,4,
"sternoclavicular","sagittal plane elevation",1,3,13,"compare",10,10,4,9,4,4,
"sternoclavicular","sagittal plane elevation",2,3,13,"compare",10,8,6,9,6,6,
"sternoclavicular","sagittal plane elevation",3,3,13,"compare",10,8,6,6,6,6,
"sternoclavicular","horizontal flexion",1,0,10,"single",10,10,8,,8,8,
"sternoclavicular","horizontal flexion",2,0,10,"single",10,10,9,9,9,9,
"sternoclavicular","horizontal flexion",3,0,10,"single",10,10,6,,6,6,
"sternoclavicular","internal-external rotation 0 degree-abducted",1,2,10,"single",10,10,4,,4,4,
"sternoclavicular","internal-external rotation 0 degree-abducted",2,2,10,"single",8,8,6,,6,6,
"sternoclavicular","internal-external rotation 0 degree-abducted",3,2,10,"single",10,10,4,4,4,4,
"sternoclavicular","internal-external rotation 90 degree-abducted",1,2,0,"skip",0,,,,,,"too few units (0 ex / 2 in)"
"sternoclavicular","internal-external rotation 90 degree-abducted",2,2,0,"skip",0,,,,,,"too few units (0 ex / 2 in)"
"sternoclavicular","internal-external rotation 90 degree-abducted",3,2,0,"skip",0,,,,,,"too few units (0 ex / 2 in)"
"acromioclavicular","frontal plane elevation",1,4,10,"compare",10,9,4,10,4,4,
"acromioclavicular","frontal plane elevation",2,4,10,"compare",10,10,7,8,7,7,
"acromioclavicular","frontal plane elevation",3,4,10,"compare",10,10,8,,8,8,
"acromioclavicular","scapular plane elevation",1,1,1,"skip",0,,,,,,"too few units (1 ex / 1 in)"
"acromioclavicular","scapular plane elevation",2,1,1,"skip",0,,,,,,"too few units (1 ex / 1 in)"
"acromioclavicular","scapular plane elevation",3,1,1,"skip",0,,,,,,"too few units (1 ex / 1 in)"
"acromioclavicular","sagittal plane elevation",1,3,10,"compare",10,8,7,7,7,7,
"acromioclavicular","sagittal plane elevation",2,3,10,"compare",10,10,3,6,3,3,
"acromioclavicular","sagittal plane elevation",3,3,10,"compare",10,8,5,7,5,5,
"acromioclavicular","horizontal flexion",1,0,9,"single",10,10,7,,7,7,
"acromioclavicular","horizontal flexion",2,0,9,"single",10,10,5,,5,5,
"acromioclavicular","horizontal flexion",3,0,9,"single",10,10,7,9,7,7,
"acromioclavicular","internal-external rotation 0 degree-abducted",1,2,10,"single",9,9,8,,8,8,
"acromioclavicular","internal-external rotation 0 degree-abducted",2,2,10,"single",8,8,6,6,6,6,
"acromioclavicular","internal-external rotation 0 degree-abducted",3,2,10,"single",9,10,6,7,6,6,
"acromioclavicular","internal-external rotation 90 degree-abducted",1,2,0,"skip",0,,,,,,"too few units (0 ex / 2 in)"
"acromioclavicular","internal-external rotation 90 degree-abducted",2,2,0,"skip",0,,,,,,"too few units (0 ex / 2 in)"
"acromioclavicular","internal-external rotation 90 degree-abducted",3,2,0,"skip",0,,,,,,"too few units (0 ex / 2 in)"
"scapulothoracic","frontal plane elevation",1,31,13,"compare",10,10,6,,6,6,
"scapulothoracic","frontal plane elevation",2,31,13,"compare",10,10,7,10,7,7,
"scapulothoracic","frontal plane elevation",3,31,13,"compare",10,10,7,,7,7,
"scapulothoracic","scapular plane elevation",1,49,2,"single",10,10,6,,6,6,
"scapulothoracic","scapular plane elevation",2,49,2,"single",10,10,6,,6,6,
"scapulothoracic","scapular plane elevation",3,49,2,"single",10,10,7,,7,7,
"scapulothoracic","sagittal plane elevation",1,25,13,"compare",10,10,7,7,7,7,
"scapulothoracic","sagittal plane elevation",2,25,13,"compare",10,10,6,6,6,6,
"scapulothoracic","sagittal plane elevation",3,25,13,"compare",10,10,8,,8,8,
"scapulothoracic","horizontal flexion",1,7,10,"compare",10,10,5,,5,5,
"scapulothoracic","horizontal flexion",2,7,10,"compare",10,8,5,9,5,5,
"scapulothoracic","horizontal flexion",3,7,10,"compare",10,9,6,10,6,6,
"scapulothoracic","internal-external rotation 0 degree-abducted",1,21,10,"compare",10,9,7,7,7,7,
"scapulothoracic","internal-external rotation 0 degree-abducted",2,21,10,"compare",10,10,6,,6,6,
"scapulothoracic","internal-external rotation 0 degree-abducted",3,21,10,"compare",10,9,5,7,5,5,
"scapulothoracic","internal-external rotation 90 degree-abducted",1,24,0,"single",10,10,7,,7,7,
"scapulothoracic","internal-external rotation 90 degree-abducted",2,24,0,"single",10,9,5,10,5,5,
"scapulothoracic","internal-external rotation 90 degree-abducted",3,24,0,"single",10,10,6,9,6,6,
"glenohumeral","frontal plane elevation",1,23,10,"compare",10,10,7,8,7,7,
"glenohumeral","frontal plane elevation",2,23,10,"compare",10,10,7,9,7,7,
"glenohumeral","frontal plane elevation",3,23,10,"compare",10,10,7,7,7,7,
"glenohumeral","scapular plane elevation",1,21,0,"single",10,10,10,,10,10,
"glenohumeral","scapular plane elevation",2,21,0,"single",10,10,6,9,6,6,
"glenohumeral","scapular plane elevation",3,21,0,"single",10,10,9,,9,9,
"glenohumeral","sagittal plane elevation",1,24,10,"compare",10,10,10,,10,10,
"glenohumeral","sagittal plane elevation",2,24,10,"compare",10,10,6,8,6,6,
"glenohumeral","sagittal plane elevation",3,24,10,"compare",10,10,10,,10,10,
"glenohumeral","horizontal flexion",1,0,9,"single",10,10,5,,5,5,
"glenohumeral","horizontal flexion",2,0,9,"single",10,10,8,10,8,8,
"glenohumeral","horizontal flexion",3,0,9,"single",10,10,7,7,7,7,
"glenohumeral","internal-external rotation 0 degree-abducted",1,21,10,"compare",10,10,7,9,7,7,
"glenohumeral","internal-external rotation 0 degree-abducted",2,21,10,"compare",10,10,5,6,5,5,
"glenohumeral","internal-external rotation 0 degree-abducted",3,21,10,"compare",10,10,7,9,7,7,
"glenohumeral","internal-external rotation 90 degree-abducted",1,22,0,"single",10,10,8,,8,8,
"glenohumeral","internal-external rotation 90 degree-abducted",2,22,0,"single",10,10,5,10,5,5,
"glenohumeral","internal-external rotation 90 degree-abducted",3,22,0,"single",10,10,6,10,6,6,
