"shoulder","condition","n","rmse","max_abs","r2_marg","r2_ss","ratio_to_median","robust_z","flagged"
"Henninger et al._19.0","in vivo",73,0.604755921714699,1.30752751039246,0.686225972664737,0.999131231336741,4.92787902574397,4.00678327936664,TRUE
"Henninger et al._9.0","in vivo",100,0.279114722328437,0.842395588324366,0.659986156487825,0.999799716284493,2.27437803674379,2.06431904860724,FALSE
"Henninger et al._18.0","in vivo",100,0.212842152660683,0.537325029361085,0.979899026545798,0.999670988619899,1.73435321958796,1.38332268063513,FALSE
"Henninger et al._17.0","in vivo",93,0.197741683041239,0.767098271410859,0.989918023902696,0.999785550364988,1.61130640872656,1.19844922415409,FALSE
"Begon et al._2.0","in vivo",100,0.166667552715744,0.714331338552764,0.957313817371392,0.999711028749903,1.35809755276354,0.768956696423491,FALSE
"Henninger et al._16.0","in vivo",78,0.161799829077111,0.520571270044506,0.511133355800094,0.99990262788126,1.31843270226663,0.694491131569315,FALSE
"Henninger et al._13.0","in vivo",85,0.160020659355625,0.526175323137252,0.758554705173983,0.999884390257404,1.30393506307214,0.666713312715574,FALSE
"Henninger et al._1.0","in vivo",73,0.156182133381902,0.427024281794148,0.985666133575183,0.999890950286578,1.27265667297047,0.605716078330123,FALSE
"Henninger et al._8.0","in vivo",81,0.155931829924972,0.474667597326764,0.824684639626575,0.999881788841649,1.2706170647398,0.601686646899373,FALSE
"Henninger et al._14.0","in vivo",100,0.155529708416269,0.440787386911888,0.770857507901668,0.999858759661042,1.26734036073843,0.595199658104391,FALSE
"Henninger et al._2.0","in vivo",83,0.153765452166612,0.453843583305655,0.815685973021038,0.999875625847542,1.25296424459545,0.566539190124761,FALSE
"Henninger et al._10.0","in vivo",94,0.149865112669661,0.485960603414775,0.586775164176598,0.999921645449776,1.22118216440381,0.50199296617699,FALSE
"Henninger et al._20.0","in vivo",95,0.149251239269389,0.506420543610929,0.742161111156064,0.999865237788845,1.21617999122114,0.49168128926547,FALSE
"Henninger et al._15.0","in vivo",93,0.143114197886542,0.419020756104293,0.973219042207871,0.999928798889765,1.16617205177856,0.386197226600725,FALSE
"Henninger et al._7.0","in vivo",92,0.13390617481824,0.47415475059487,0.903896645600982,0.999923873542266,1.09114008910145,0.219124815893847,FALSE
"Henninger et al._11.0","in vivo",99,0.122721340876139,0.409897624550133,0.6588909619842,0.999941621628525,1,0,FALSE
"Begon et al._1.0","in vivo",100,0.116320056664902,0.371276681651054,0.594428069775064,0.999918135030002,0.947838866773001,-0.134582274331696,FALSE
"Bourne et al._5.0","in vivo",51,0.112345501993862,0.315212282959497,-0.348201988906618,0.999803924388264,0.915452041118518,-0.221923943570296,FALSE
"Bourne et al._4.0","in vivo",54,0.110081491778854,0.460058779103665,0.302540991499185,0.999901817646558,0.897003658800945,-0.27306808782746,FALSE
"Henninger et al._3.0","in vivo",78,0.0996227585434426,0.226949609466224,0.655093251443437,0.999963270557223,0.811780231801663,-0.523865098418194,FALSE
"Henninger et al._4.0","in vivo",54,0.0953562406598103,0.268290615080362,0.949763403836115,0.999928052361022,0.777014331647928,-0.633827721601654,FALSE
"Henninger et al._5.0","in vivo",92,0.0938252275702679,0.334331044833071,0.871637597193819,0.999952356392028,0.76453880719055,-0.674490759476595,FALSE
"Henninger et al._6.0","in vivo",66,0.0890157356965225,0.317367009493864,0.758195348727033,0.999943424114539,0.725348460675354,-0.806686029658367,FALSE
"Bourne et al._6.0","in vivo",50,0.0862403795188568,0.28749640265459,0.913463738557301,0.999944841761006,0.702733354306309,-0.886260156382699,FALSE
"Bourne et al._2.0","in vivo",48,0.0748864466266949,0.157951942505285,0.698935097426414,0.999939699400704,0.610215355308715,-1.24090109610696,FALSE
"Chu et al._","in vivo",12,0.0705542868277963,0.144003664126416,0.959044284764955,0.99995807773082,0.574914569251701,-1.39060631087812,FALSE
"Bourne et al._3.0","in vivo",55,0.0688137041866523,0.24293649536909,0.962030742816789,0.999969744004427,0.560731358501902,-1.45336071604252,FALSE
"Bourne et al._7.0","in vivo",49,0.0621617448770821,0.169734346136345,0.62182027819916,0.99994243728811,0.506527588708645,-1.70876227290109,FALSE
"Bourne et al._1.0","in vivo",46,0.0490093391925097,0.109594072298366,-2.14983631785812,0.999931484592549,0.399354658632473,-2.30599282138906,FALSE
"Ludewig et al._","in vivo",19,0.0482258741603579,0.116586864921576,-0.598974241599102,0.999976838498262,0.392970560915169,-2.34647794525569,FALSE
"Henninger et al._12.0","in vivo",64,0.0350980557501655,0.106253491945527,0.93193283181962,0.999989772447042,0.285997981276864,-3.14474006337873,FALSE
