"K","converged","loglik_reduced","loglik_full","LR","df","p_value","seconds"
1,TRUE,-8409.96355596514,-8397.61247630953,24.7021593112186,2,4.32508114628645e-06,17.1801159381866
2,TRUE,-4857.46640918046,-4836.08266030245,42.7674977560127,3,2.75723180434383e-09,22.0208535194397
3,TRUE,-3483.63967366649,-3456.51813795828,54.2430714164148,4,4.68064533653734e-11,22.6613025665283
4,TRUE,-2711.21005666798,-2677.13755176818,68.1450097995994,5,2.49140476793025e-13,26.5995466709137
5,TRUE,-1984.54649635842,-1943.00647223382,83.0800482491959,6,8.24521783405989e-16,30.5366580486298
6,TRUE,-1497.28676098852,-1446.98617771033,100.60116655639,7,8.10541184974405e-19,39.201468706131
7,TRUE,-1295.23426547595,-1228.88927204637,132.689986859143,8,7.8305121166456e-25,47.1330621242523
8,TRUE,-1025.77599010481,-953.562109288262,144.427761633091,9,1.25516836884007e-26,51.3975913524628
9,TRUE,-796.207674329327,-731.471542056674,129.472264545306,10,5.98515417805309e-23,79.0905635356903
10,TRUE,-726.660302656284,-674.209416759494,104.901771793581,11,1.901270231411e-17,90.6031727790833
