"K","n_fixed","n_random","converged","loglik","BIC","rmse_max","rmse_median","rmse_ratio","r2_ss","r2_marg","seconds","npm","deviance","BIC_obs"
1,2,2,TRUE,-4695.14026738002,9407.45047078246,4.24917673460937,1.05590863524996,4.02418977623332,0.98800543629072,0.794980924707912,6.36133766174316,5,9390.28053476004,9428.93360509036
2,3,3,TRUE,-3128.09194380867,6280.22179804873,1.5176823339912,0.591563103898325,2.56554596456383,0.997327294628337,0.795195501258629,12.8542416095734,7,6256.18388761734,6310.29818607979
3,4,4,TRUE,-2145.64619299779,4322.19827083595,1.10701074323871,0.359563423913003,3.07876349377113,0.998996644722953,0.795873281034296,16.6210899353027,9,4291.29238599558,4360.86791259015
4,5,5,TRUE,-1642.45092164142,3322.67570253218,0.967464089575384,0.28966557336709,3.33993466441152,0.999424591858077,0.795756786951814,21.8542313575745,11,3284.90184328284,3369.93859800954
5,6,6,TRUE,-1187.13813915198,2418.91811196228,0.774915932443528,0.221938117011382,3.49158559547383,0.999657538824897,0.795760710243394,16.3611195087433,13,2374.27627830396,2474.77426116279
6,7,7,TRUE,-1046.47551791996,2144.4608439072,0.705192225611361,0.165907135149003,4.25052379439872,0.999727695699838,0.795528998931012,18.4255576133728,15,2092.95103583992,2208.91024683088
7,8,8,TRUE,-906.31231448135,1871.00241143895,0.650965183509028,0.149929010699317,4.34182270977922,0.999784401063806,0.795666592849061,19.5008172988892,17,1812.6246289627,1944.04506808578
8,9,9,TRUE,-822.213690344538,1709.67313757429,0.617425231014568,0.145818088377988,4.23421564418048,0.999821279286129,0.795861158671512,20.537216424942,19,1644.42738068908,1791.30904794429
9,10,10,TRUE,-753.043805988524,1578.20134327124,0.602727497977963,0.137323025963539,4.38912188068152,0.999850398544273,0.795673381851389,19.8285210132599,21,1506.08761197705,1668.43050736439
10,11,11,TRUE,-728.289694854788,1535.56109541274,0.604755921714699,0.122721340876139,4.92787902574397,0.999869442228277,0.795854484681575,27.5247585773468,23,1456.57938970958,1634.38351322904
11,12,12,TRUE,-767.753122057311,1621.35592422675,0.610088290529599,0.115810092967838,5.26800622376697,0.999878336018358,0.796031475924301,28.6019835472107,25,1535.50624411462,1728.77159576622
12,13,13,TRUE,-803.284130444562,1699.28591541022,0.610140609475855,0.113687861300201,5.36680523758588,0.999887036985152,0.796012219734522,32.2183122634888,27,1606.56826088912,1815.29484067285
13,14,14,TRUE,-851.508690485722,1802.60300990151,0.603248575363613,0.108690175658937,5.55016653259051,0.999892579401225,0.79617768230174,33.1663794517517,29,1703.01738097144,1927.20518888729
14,15,15,TRUE,-916.764047199934,1939.98169773891,0.595534761563961,0.106537877271323,5.58988762322809,0.999891542843696,0.796314034500248,40.4359257221222,31,1833.52809439987,2073.17713044784
15,16,16,TRUE,-927.625866485476,1968.57331071896,0.585681351577936,0.103081651477369,5.68172262651921,0.999895603755482,0.796494587973097,41.8851945400238,33,1855.25173297095,2110.36199715106
16,17,17,TRUE,-936.576495327513,1993.34254281201,0.570098449784707,0.0864785061844832,6.59237161854444,0.999901733404065,0.796784406052896,43.2687442302704,35,1873.15299065503,2143.72448296726
17,18,18,TRUE,-932.0534636661,1991.16445389815,0.548381209513956,0.0851325730896039,6.44149694543795,0.999910714650231,0.796922048373205,82.2075805664062,37,1864.1069273322,2150.13964777656
18,19,19,TRUE,-916.694674703996,1967.31485038291,0.513324972025542,0.0812358007335918,6.31895011054254,0.999920104135985,0.796763223191375,65.8308970928192,39,1833.38934940799,2134.88329798448
19,20,20,TRUE,-908.68005266502,1958.15358071393,0.480433527247755,0.083453184937553,5.75692261005086,0.999928193130308,0.796577327992677,64.7767114639282,41,1817.36010533004,2134.31528203865
20,21,21,TRUE,-899.600515104082,1946.86248000103,0.451587439697915,0.074985479312817,6.02233184126259,0.999935797426546,0.796433862323079,77.3893086910248,43,1799.20103020816,2131.6174350489
