"R","K","converged","npm","loglik","BIC","rmse_max","rmse_median","r2_ss","seconds","deviance"
1,1,TRUE,5,-4695.14026738002,9407.45047078246,4.24917673460937,1.05590863524996,0.98800543629072,11.2090227603912,9390.28053476004
1,2,TRUE,6,-4694.18723334476,9408.97838991643,4.29558715426066,1.01259226098367,0.988014687035436,11.5081450939178,9388.37446668952
1,3,TRUE,7,-4692.00543769791,9408.04878582721,4.27625540271596,0.984301034515396,0.988038521183626,11.2763576507568,9384.01087539582
1,4,TRUE,8,-4691.90647287453,9411.28484338494,4.27630493503431,0.983415909154712,0.988039607068715,12.9293870925903,9383.81294574905
1,5,TRUE,9,-4691.77419086323,9414.45426656682,4.27754552576902,0.985526037845519,0.988041039432995,14.0879473686218,9383.54838172645
1,6,TRUE,10,-4691.76398351431,9417.86783907347,4.27664399812979,0.988490914477926,0.988041128791541,14.2807023525238,9383.52796702862
1,7,TRUE,11,-4691.7186990533,9421.21125735595,4.27352751307963,0.990311242830905,0.988041631822142,13.3519861698151,9383.43739810661
1,8,TRUE,12,-4691.40501728624,9424.0178810263,4.26639459142721,0.992620489881795,0.988045115252381,13.5640480518341,9382.81003457247
1,9,TRUE,13,-4690.95486085576,9426.55155536982,4.25670031239953,0.993020799802488,0.988050203816265,14.5631330013275,9381.90972171151
1,10,TRUE,14,-4690.34364952601,9428.76311991482,4.24458118728172,0.99454390308126,0.988057085521367,15.497727394104,9380.68729905202
1,11,TRUE,15,-4689.84395350032,9431.19771506791,4.23485611244601,0.995754472416647,0.988062696352098,16.0123388767242,9379.68790700064
1,12,TRUE,16,-4689.57493939884,9434.09367406944,4.22853769139098,0.996448391319146,0.988065749897173,16.3229050636292,9379.14987879768
1,13,TRUE,17,-4689.42137815723,9437.22053879071,4.22588918770164,0.997008459043766,0.988067459333286,15.5970270633698,9378.84275631447
1,14,TRUE,18,-4689.34253576027,9440.49684120127,4.22490690051394,0.998036772740132,0.988068323024257,15.05983710289,9378.68507152054
1,15,TRUE,19,-4689.34035986044,9443.92647660609,4.22609158272859,0.999212726200439,0.988068310543795,17.7217426300049,9378.68071972087
1,16,TRUE,20,-4689.34743437824,9447.37461284618,4.22728302362425,0.999887658405538,0.988068183314891,17.7525486946106,9378.69486875648
1,17,TRUE,21,-4689.27624562567,9450.66622254553,4.22781747475624,1.00000937737127,0.988068880667538,19.9609382152557,9378.55249125134
1,18,TRUE,22,-4688.73848809466,9453.02469468799,4.2234752621931,1.00009490761173,0.98807463284621,19.5977401733398,9377.47697618932
1,19,TRUE,23,-4687.83381454747,9454.6493347981,4.21369840046841,0.999888025630256,0.988084464127166,21.1769208908081,9375.66762909494
1,20,TRUE,24,-4686.1972484056,9454.81018971884,4.19609548503822,1.00017797726329,0.988102334027558,22.5726661682129,9372.39449681119
3,3,TRUE,9,-2145.64619299779,4322.19827083595,1.10701074323871,0.359563423913003,0.998996644722953,17.9307899475098,4291.29238599558
3,4,TRUE,10,-2104.12925181375,4242.59837567235,1.06418775024753,0.368209603419394,0.9990480198905,16.5250036716461,4208.2585036275
3,5,TRUE,11,-2084.7824487434,4207.33875673614,1.05600146744576,0.372082095904117,0.999054306679362,14.7180409431458,4169.5648974868
3,6,TRUE,12,-2067.90348524391,4177.01481694164,1.05829198284686,0.363428291132452,0.999066466656013,19.1998920440674,4135.80697048781
3,7,TRUE,13,-2055.21326995704,4155.06837357238,1.05723161689915,0.355949994123604,0.999077398214934,15.481249332428,4110.42653991407
3,8,TRUE,14,-2050.83306433937,4149.74194954154,1.05829414991489,0.354734228778822,0.999081116255704,15.6525094509125,4101.66612867875
3,9,TRUE,15,-2048.35330483837,4148.21641774402,1.05859988808961,0.354357168253645,0.999083199883304,15.1188817024231,4096.70660967674
3,10,TRUE,16,-2046.61290221745,4148.16959970666,1.0576941872548,0.354546507837786,0.999084652546782,21.140162229538,4093.2258044349
3,11,TRUE,17,-2044.9475425391,4148.27286755444,1.05587415899492,0.35502351380359,0.999086049154276,21.657324552536,4089.8950850782
3,12,TRUE,18,-2043.68499885654,4149.18176739381,1.05384720423329,0.355567590691705,0.999087093745009,23.3140821456909,4087.36999771307
3,13,TRUE,19,-2042.73696771711,4150.71969231944,1.05198014283841,0.355225550679954,0.999087877500128,24.9110929965973,4085.47393543422
3,14,TRUE,20,-2040.40115359222,4149.48205127414,1.04964105437949,0.354002892101057,0.999089819227595,20.9685242176056,4080.80230718444
3,15,TRUE,21,-2037.69250951623,4147.49875032664,1.04720591193894,0.352391185230508,0.99909210182705,27.0049643516541,4075.38501903246
3,16,TRUE,22,-2035.16921012273,4145.88613874413,1.04569679812406,0.351308593215236,0.999094258443859,22.8307843208313,4070.33842024546
3,17,TRUE,23,-2032.21361000386,4143.40892571088,1.04389839872168,0.35068898047197,0.999096779067272,28.4335062503815,4064.42722000772
3,18,TRUE,24,-2029.34305488053,4141.10180266871,1.0427072825497,0.3508058072404,0.999099230681651,30.7148015499115,4058.68610976107
3,19,TRUE,25,-2027.83218008815,4141.51404028843,1.0418230941146,0.351276473178737,0.999100500950395,31.1959331035614,4055.66436017631
3,20,TRUE,26,-2027.63160876151,4144.54688483964,1.04136684083436,0.351926968526465,0.999100668787347,30.2306177616119,4055.26321752303
